iBeacon ID,Time,iBeacon Mac,RSSI,Location
492,860175299,54:4A:16:6F:01:CE,-73,Box2
437,860179193,54:4A:16:6F:05:05,-75,Box2
419,860180570,54:4A:16:6F:01:DA,-74,Box2
419,860185952,54:4A:16:6F:01:DA,-74,Box2
492,860188173,54:4A:16:6F:01:CE,-69,Box2
444,860188192,54:4A:16:6F:04:23,-55,Box2
437,860188205,54:4A:16:6F:05:05,-74,Box2
419,860188246,54:4A:16:6F:01:DA,-70,Box2
492,860188260,54:4A:16:6F:01:CE,-77,Box2
444,860188291,54:4A:16:6F:04:23,-56,Box2
419,860188321,54:4A:16:6F:01:DA,-73,Box2
492,860188344,54:4A:16:6F:01:CE,-72,Box2
437,860188359,54:4A:16:6F:05:05,-71,Box2
419,860188681,54:4A:16:6F:01:DA,-79,Box2
444,860188724,54:4A:16:6F:04:23,-56,Box2
437,860189096,54:4A:16:6F:05:05,-75,Box2
419,860189579,54:4A:16:6F:01:DA,-73,Box2
492,860189760,54:4A:16:6F:01:CE,-77,Box2
437,860190004,54:4A:16:6F:05:05,-75,Box2
419,860190473,54:4A:16:6F:01:DA,-73,Box2
444,860191299,54:4A:16:6F:04:23,-57,Box2
419,860191379,54:4A:16:6F:01:DA,-81,Box2
492,860191566,54:4A:16:6F:01:CE,-74,Box2
437,860191813,54:4A:16:6F:05:05,-72,Box2
419,860192294,54:4A:16:6F:01:DA,-75,Box2
492,860192470,54:4A:16:6F:01:CE,-70,Box2
444,860192578,54:4A:16:6F:04:23,-56,Box2
492,860193374,54:4A:16:6F:01:CE,-71,Box2
437,860193630,54:4A:16:6F:05:05,-72,Box2
444,860193881,54:4A:16:6F:04:23,-61,Box2
419,860194112,54:4A:16:6F:01:DA,-74,Box2
492,860194421,54:4A:16:6F:01:CE,-78,Box2
437,860194566,54:4A:16:6F:05:05,-67,Box2
419,860194996,54:4A:16:6F:01:DA,-76,Box2
444,860195157,54:4A:16:6F:04:23,-61,Box2
437,860195429,54:4A:16:6F:05:05,-72,Box2
492,860196063,54:4A:16:6F:01:CE,-70,Box2
437,860196334,54:4A:16:6F:05:05,-77,Box2
444,860196452,54:4A:16:6F:04:23,-56,Box2
419,860196811,54:4A:16:6F:01:DA,-78,Box2
492,860196968,54:4A:16:6F:01:CE,-76,Box2
437,860197238,54:4A:16:6F:05:05,-74,Box2
444,860197745,54:4A:16:6F:04:23,-56,Box2
492,860197883,54:4A:16:6F:01:CE,-74,Box2
437,860198152,54:4A:16:6F:05:05,-72,Box2
419,860198623,54:4A:16:6F:01:DA,-73,Box2
437,860200899,54:4A:16:6F:05:05,-72,Box2
444,860201581,54:4A:16:6F:04:23,-60,Box2
419,860202280,54:4A:16:6F:01:DA,-74,Box2
492,860203347,54:4A:16:6F:01:CE,-76,Box2
444,860207883,54:4A:16:6F:04:23,-60,Box2
419,860213135,54:4A:16:6F:01:DA,-70,Box2
492,860213271,54:4A:16:6F:01:CE,-85,Box2
444,860213301,54:4A:16:6F:04:23,-56,Box2
419,860215867,54:4A:16:6F:01:DA,-74,Box2
492,860218441,54:4A:16:6F:01:CE,-72,Box2
437,860220807,54:4A:16:6F:05:05,-76,Box2
419,860222191,54:4A:16:6F:01:DA,-71,Box2
492,860223233,54:4A:16:6F:01:CE,-84,Box2
419,860227620,54:4A:16:6F:01:DA,-71,Box2
492,860227802,54:4A:16:6F:01:CE,-73,Box2
444,860227891,54:4A:16:6F:04:23,-60,Box2
437,860231716,54:4A:16:6F:05:05,-77,Box2
444,860276636,54:4A:16:6F:04:23,-72,Box6
492,860276703,54:4A:16:6F:01:CE,-50,Box6
437,860277879,54:4A:16:6F:05:05,-80,Box6
444,860280281,54:4A:16:6F:04:23,-55,Box6
419,860282702,54:4A:16:6F:01:DA,-74,Box6
437,860284146,54:4A:16:6F:05:05,-73,Box6
419,860287311,54:4A:16:6F:01:DA,-71,Box6
444,860290224,54:4A:16:6F:04:23,-56,Box6
419,860290912,54:4A:16:6F:01:DA,-74,Box6
444,860291117,54:4A:16:6F:04:23,-50,Box6
437,860291370,54:4A:16:6F:05:05,-77,Box6
492,860291599,54:4A:16:6F:01:CE,-84,Box6
419,860291819,54:4A:16:6F:01:DA,-84,Box6
444,860292037,54:4A:16:6F:04:23,-49,Box6
437,860292725,54:4A:16:6F:05:05,-70,Box6
492,860292887,54:4A:16:6F:01:CE,-82,Box6
444,860292936,54:4A:16:6F:04:23,-52,Box6
437,860293202,54:4A:16:6F:05:05,-73,Box6
419,860293639,54:4A:16:6F:01:DA,-78,Box6
437,860294092,54:4A:16:6F:05:05,-71,Box6
492,860294173,54:4A:16:6F:01:CE,-81,Box6
419,860294539,54:4A:16:6F:01:DA,-82,Box6
444,860294757,54:4A:16:6F:04:23,-56,Box6
437,860294993,54:4A:16:6F:05:05,-71,Box6
419,860295448,54:4A:16:6F:01:DA,-81,Box6
492,860295479,54:4A:16:6F:01:CE,-83,Box6
444,860295653,54:4A:16:6F:04:23,-52,Box6
419,860296349,54:4A:16:6F:01:DA,-80,Box6
444,860296566,54:4A:16:6F:04:23,-50,Box6
492,860296769,54:4A:16:6F:01:CE,-76,Box6
419,860297263,54:4A:16:6F:01:DA,-82,Box6
444,860297464,54:4A:16:6F:04:23,-52,Box6
437,860297716,54:4A:16:6F:05:05,-77,Box6
492,860298064,54:4A:16:6F:01:CE,-83,Box6
444,860298374,54:4A:16:6F:04:23,-52,Box6
437,860298612,54:4A:16:6F:05:05,-73,Box6
419,860299068,54:4A:16:6F:01:DA,-78,Box6
444,860299276,54:4A:16:6F:04:23,-52,Box6
437,860299521,54:4A:16:6F:05:05,-70,Box6
419,860299975,54:4A:16:6F:01:DA,-82,Box6
444,860300168,54:4A:16:6F:04:23,-50,Box6
437,860300426,54:4A:16:6F:05:05,-67,Box6
492,860300646,54:4A:16:6F:01:CE,-76,Box6
419,860300865,54:4A:16:6F:01:DA,-81,Box6
444,860301087,54:4A:16:6F:04:23,-51,Box6
437,860301337,54:4A:16:6F:05:05,-77,Box6
419,860302138,54:4A:16:6F:01:DA,-78,Box6
492,860302159,54:4A:16:6F:01:CE,-75,Box6
444,860302173,54:4A:16:6F:04:23,-51,Box6
437,860302227,54:4A:16:6F:05:05,-72,Box6
419,860302689,54:4A:16:6F:01:DA,-78,Box6
444,860302909,54:4A:16:6F:04:23,-50,Box6
437,860303142,54:4A:16:6F:05:05,-73,Box6
419,860303586,54:4A:16:6F:01:DA,-82,Box6
437,860304050,54:4A:16:6F:05:05,-71,Box6
492,860304507,54:4A:16:6F:01:CE,-83,Box6
444,860304726,54:4A:16:6F:04:23,-52,Box6
437,860304949,54:4A:16:6F:05:05,-76,Box6
419,860305394,54:4A:16:6F:01:DA,-82,Box6
444,860305624,54:4A:16:6F:04:23,-56,Box6
492,860306157,54:4A:16:6F:01:CE,-75,Box6
419,860306298,54:4A:16:6F:01:DA,-77,Box6
444,860306527,54:4A:16:6F:04:23,-51,Box6
437,860306752,54:4A:16:6F:05:05,-73,Box6
492,860307096,54:4A:16:6F:01:CE,-77,Box6
419,860307202,54:4A:16:6F:01:DA,-77,Box6
444,860307431,54:4A:16:6F:04:23,-51,Box6
437,860307657,54:4A:16:6F:05:05,-71,Box6
444,860308339,54:4A:16:6F:04:23,-51,Box6
492,860308395,54:4A:16:6F:01:CE,-82,Box6
437,860308567,54:4A:16:6F:05:05,-70,Box6
419,860309015,54:4A:16:6F:01:DA,-81,Box6
444,860309246,54:4A:16:6F:04:23,-53,Box6
437,860309472,54:4A:16:6F:05:05,-77,Box6
492,860309679,54:4A:16:6F:01:CE,-82,Box6
419,860309923,54:4A:16:6F:01:DA,-83,Box6
437,860310377,54:4A:16:6F:05:05,-77,Box6
419,860310817,54:4A:16:6F:01:DA,-83,Box6
492,860310957,54:4A:16:6F:01:CE,-82,Box6
444,860311052,54:4A:16:6F:04:23,-56,Box6
437,860311277,54:4A:16:6F:05:05,-73,Box6
419,860311730,54:4A:16:6F:01:DA,-77,Box6
444,860311958,54:4A:16:6F:04:23,-51,Box6
437,860312192,54:4A:16:6F:05:05,-72,Box6
492,860312240,54:4A:16:6F:01:CE,-82,Box6
444,860312851,54:4A:16:6F:04:23,-51,Box6
437,860313092,54:4A:16:6F:05:05,-67,Box6
444,860313771,54:4A:16:6F:04:23,-53,Box6
437,860314000,54:4A:16:6F:05:05,-71,Box6
444,860314679,54:4A:16:6F:04:23,-53,Box6
492,860314820,54:4A:16:6F:01:CE,-83,Box6
437,860314900,54:4A:16:6F:05:05,-70,Box6
444,860315580,54:4A:16:6F:04:23,-56,Box6
437,860315821,54:4A:16:6F:05:05,-72,Box6
492,860316116,54:4A:16:6F:01:CE,-84,Box6
419,860316252,54:4A:16:6F:01:DA,-77,Box6
444,860316491,54:4A:16:6F:04:23,-56,Box6
437,860316718,54:4A:16:6F:05:05,-76,Box6
419,860317156,54:4A:16:6F:01:DA,-77,Box6
444,860317394,54:4A:16:6F:04:23,-52,Box6
492,860317426,54:4A:16:6F:01:CE,-81,Box6
437,860317624,54:4A:16:6F:05:05,-72,Box6
419,860318065,54:4A:16:6F:01:DA,-81,Box6
444,860318303,54:4A:16:6F:04:23,-50,Box6
437,860318538,54:4A:16:6F:05:05,-71,Box6
492,860318707,54:4A:16:6F:01:CE,-76,Box6
419,860318957,54:4A:16:6F:01:DA,-81,Box6
444,860319192,54:4A:16:6F:04:23,-53,Box6
492,860319990,54:4A:16:6F:01:CE,-84,Box6
444,860320099,54:4A:16:6F:04:23,-51,Box6
437,860321233,54:4A:16:6F:05:05,-70,Box6
492,860321277,54:4A:16:6F:01:CE,-82,Box6
419,860321675,54:4A:16:6F:01:DA,-81,Box6
444,860321915,54:4A:16:6F:04:23,-56,Box6
492,860324237,54:4A:16:6F:01:CE,-83,Box6
419,860324260,54:4A:16:6F:01:DA,-80,Box6
444,860324344,54:4A:16:6F:04:23,-50,Box6
437,860324360,54:4A:16:6F:05:05,-68,Box6
419,860324417,54:4A:16:6F:01:DA,-81,Box6
444,860324446,54:4A:16:6F:04:23,-51,Box6
444,860324625,54:4A:16:6F:04:23,-51,Box6
437,860324849,54:4A:16:6F:05:05,-77,Box6
492,860325148,54:4A:16:6F:01:CE,-83,Box6
419,860325319,54:4A:16:6F:01:DA,-73,Box6
437,860325771,54:4A:16:6F:05:05,-76,Box6
419,860326332,54:4A:16:6F:01:DA,-77,Box6
492,860326422,54:4A:16:6F:01:CE,-75,Box6
444,860326433,54:4A:16:6F:04:23,-56,Box6
437,860326665,54:4A:16:6F:05:05,-70,Box6
444,860327402,54:4A:16:6F:04:23,-56,Box6
437,860327573,54:4A:16:6F:05:05,-64,Box6
492,860327718,54:4A:16:6F:01:CE,-75,Box6
419,860328011,54:4A:16:6F:01:DA,-81,Box6
444,860328257,54:4A:16:6F:04:23,-50,Box6
437,860328471,54:4A:16:6F:05:05,-77,Box6
492,860329018,54:4A:16:6F:01:CE,-82,Box6
444,860329163,54:4A:16:6F:04:23,-50,Box6
437,860329390,54:4A:16:6F:05:05,-76,Box6
419,860329818,54:4A:16:6F:01:DA,-78,Box6
444,860330064,54:4A:16:6F:04:23,-52,Box6
437,860330276,54:4A:16:6F:05:05,-70,Box6
492,860330322,54:4A:16:6F:01:CE,-82,Box6
419,860330761,54:4A:16:6F:01:DA,-73,Box6
437,860331194,54:4A:16:6F:05:05,-68,Box6
492,860331620,54:4A:16:6F:01:CE,-76,Box6
419,860331670,54:4A:16:6F:01:DA,-80,Box6
444,860331892,54:4A:16:6F:04:23,-56,Box6
419,860332529,54:4A:16:6F:01:DA,-69,Box6
444,860332803,54:4A:16:6F:04:23,-51,Box6
492,860332879,54:4A:16:6F:01:CE,-76,Box6
437,860333000,54:4A:16:6F:05:05,-76,Box6
419,860333446,54:4A:16:6F:01:DA,-69,Box6
444,860333687,54:4A:16:6F:04:23,-50,Box6
437,860333901,54:4A:16:6F:05:05,-78,Box6
492,860334176,54:4A:16:6F:01:CE,-83,Box6
444,860334578,54:4A:16:6F:04:23,-46,Box6
492,860335464,54:4A:16:6F:01:CE,-92,Box6
444,860335478,54:4A:16:6F:04:23,-55,Box6
437,860335695,54:4A:16:6F:05:05,-65,Box6
419,860336141,54:4A:16:6F:01:DA,-83,Box6
444,860336384,54:4A:16:6F:04:23,-58,Box6
437,860336599,54:4A:16:6F:05:05,-65,Box6
492,860338495,54:4A:16:6F:01:CE,-73,Box6
419,860338535,54:4A:16:6F:01:DA,-71,Box6
444,860338557,54:4A:16:6F:04:23,-50,Box6
437,860338577,54:4A:16:6F:05:05,-67,Box6
419,860338605,54:4A:16:6F:01:DA,-71,Box6
444,860338630,54:4A:16:6F:04:23,-50,Box6
437,860338651,54:4A:16:6F:05:05,-69,Box6
437,860413532,54:4A:16:6F:05:05,-77,Box5
444,860414225,54:4A:16:6F:04:23,-71,Box5
419,860423023,54:4A:16:6F:01:DA,-79,Box5
492,860423072,54:4A:16:6F:01:CE,-71,Box5
437,860423472,54:4A:16:6F:05:05,-58,Box5
492,860427642,54:4A:16:6F:01:CE,-71,Box5
437,860427983,54:4A:16:6F:05:05,-58,Box5
492,860433949,54:4A:16:6F:01:CE,-70,Box5
419,860435720,54:4A:16:6F:01:DA,-77,Box5
419,860436595,54:4A:16:6F:01:DA,-77,Box5
492,860436666,54:4A:16:6F:01:CE,-83,Box5
437,860438733,54:4A:16:6F:05:05,-58,Box5
419,860438774,54:4A:16:6F:01:DA,-77,Box5
444,860438809,54:4A:16:6F:04:23,-62,Box5
444,860440527,54:4A:16:6F:04:23,-60,Box5
419,860442950,54:4A:16:6F:01:DA,-75,Box5
444,860452266,54:4A:16:6F:04:23,-64,Box5
419,860453417,54:4A:16:6F:01:DA,-77,Box5
492,860453558,54:4A:16:6F:01:CE,-73,Box5
444,860453665,54:4A:16:6F:04:23,-65,Box5
419,860453839,54:4A:16:6F:01:DA,-73,Box5
492,860453864,54:4A:16:6F:01:CE,-75,Box5
444,860454052,54:4A:16:6F:04:23,-66,Box5
437,860454195,54:4A:16:6F:05:05,-57,Box5
419,860454699,54:4A:16:6F:01:DA,-72,Box5
444,860455072,54:4A:16:6F:04:23,-67,Box5
419,860455603,54:4A:16:6F:01:DA,-72,Box5
492,860455685,54:4A:16:6F:01:CE,-74,Box5
444,860455895,54:4A:16:6F:04:23,-61,Box5
437,860456017,54:4A:16:6F:05:05,-57,Box5
419,860456513,54:4A:16:6F:01:DA,-76,Box5
492,860461530,54:4A:16:6F:01:CE,-94,Box5
444,860461575,54:4A:16:6F:04:23,-64,Box5
419,860461643,54:4A:16:6F:01:DA,-74,Box5
492,860461672,54:4A:16:6F:01:CE,-95,Box5
437,860461766,54:4A:16:6F:05:05,-61,Box5
492,860461795,54:4A:16:6F:01:CE,-79,Box5
444,860461828,54:4A:16:6F:04:23,-67,Box5
437,860461893,54:4A:16:6F:05:05,-62,Box5
419,860462008,54:4A:16:6F:01:DA,-72,Box5
492,860462034,54:4A:16:6F:01:CE,-77,Box5
437,860462088,54:4A:16:6F:05:05,-62,Box5
419,860462498,54:4A:16:6F:01:DA,-73,Box5
444,860462796,54:4A:16:6F:04:23,-61,Box5
437,860462952,54:4A:16:6F:05:05,-58,Box5
444,860463768,54:4A:16:6F:04:23,-60,Box5
437,860464050,54:4A:16:6F:05:05,-57,Box5
419,860464226,54:4A:16:6F:01:DA,-76,Box5
492,860464814,54:4A:16:6F:01:CE,-74,Box5
437,860465135,54:4A:16:6F:05:05,-57,Box5
444,860470433,54:4A:16:6F:04:23,-65,Box5
437,860471404,54:4A:16:6F:05:05,-57,Box5
419,860474593,54:4A:16:6F:01:DA,-66,Box5
492,860474693,54:4A:16:6F:01:CE,-74,Box5
444,860474851,54:4A:16:6F:04:23,-63,Box5
437,860475051,54:4A:16:6F:05:05,-57,Box5
419,860475500,54:4A:16:6F:01:DA,-66,Box5
492,860475585,54:4A:16:6F:01:CE,-94,Box5
444,860475772,54:4A:16:6F:04:23,-63,Box5
437,860476631,54:4A:16:6F:05:05,-57,Box5
419,860476815,54:4A:16:6F:01:DA,-65,Box5
444,860476922,54:4A:16:6F:04:23,-66,Box5
437,860477091,54:4A:16:6F:05:05,-57,Box5
492,860477379,54:4A:16:6F:01:CE,-73,Box5
444,860477573,54:4A:16:6F:04:23,-66,Box5
437,860477750,54:4A:16:6F:05:05,-57,Box5
444,860478606,54:4A:16:6F:04:23,-62,Box5
492,860479187,54:4A:16:6F:01:CE,-84,Box5
444,860479377,54:4A:16:6F:04:23,-60,Box5
437,860479568,54:4A:16:6F:05:05,-62,Box5
419,860480031,54:4A:16:6F:01:DA,-65,Box5
492,860480089,54:4A:16:6F:01:CE,-70,Box5
444,860480286,54:4A:16:6F:04:23,-63,Box5
437,860480463,54:4A:16:6F:05:05,-56,Box5
444,860481190,54:4A:16:6F:04:23,-66,Box5
437,860481365,54:4A:16:6F:05:05,-57,Box5
419,860481841,54:4A:16:6F:01:DA,-76,Box5
492,860481894,54:4A:16:6F:01:CE,-70,Box5
419,860482758,54:4A:16:6F:01:DA,-72,Box5
492,860482812,54:4A:16:6F:01:CE,-72,Box5
444,860483008,54:4A:16:6F:04:23,-65,Box5
437,860483169,54:4A:16:6F:05:05,-59,Box5
419,860483658,54:4A:16:6F:01:DA,-69,Box5
492,860483707,54:4A:16:6F:01:CE,-71,Box5
444,860483916,54:4A:16:6F:04:23,-65,Box5
492,860484624,54:4A:16:6F:01:CE,-67,Box5
444,860484826,54:4A:16:6F:04:23,-63,Box5
437,860484986,54:4A:16:6F:05:05,-55,Box5
492,860485506,54:4A:16:6F:01:CE,-69,Box5
444,860485740,54:4A:16:6F:04:23,-59,Box5
437,860485893,54:4A:16:6F:05:05,-55,Box5
419,860486401,54:4A:16:6F:01:DA,-75,Box5
444,860486664,54:4A:16:6F:04:23,-59,Box5
437,860488807,54:4A:16:6F:05:05,-55,Box5
419,860489045,54:4A:16:6F:01:DA,-74,Box5
492,860489084,54:4A:16:6F:01:CE,-66,Box5
444,860489231,54:4A:16:6F:04:23,-62,Box5
419,860489393,54:4A:16:6F:01:DA,-74,Box5
492,860489412,54:4A:16:6F:01:CE,-67,Box5
444,860489537,54:4A:16:6F:04:23,-62,Box5
437,860489605,54:4A:16:6F:05:05,-58,Box5
419,860489960,54:4A:16:6F:01:DA,-74,Box5
437,860490307,54:4A:16:6F:05:05,-57,Box5
419,860490913,54:4A:16:6F:01:DA,-68,Box5
492,860490951,54:4A:16:6F:01:CE,-72,Box5
444,860491203,54:4A:16:6F:04:23,-64,Box5
437,860491300,54:4A:16:6F:05:05,-55,Box5
419,860491772,54:4A:16:6F:01:DA,-68,Box5
492,860491815,54:4A:16:6F:01:CE,-72,Box5
444,860491877,54:4A:16:6F:04:23,-64,Box5
437,860491916,54:4A:16:6F:05:05,-56,Box5
419,860492067,54:4A:16:6F:01:DA,-70,Box5
492,860492093,54:4A:16:6F:01:CE,-67,Box5
444,860492151,54:4A:16:6F:04:23,-60,Box5
492,860492878,54:4A:16:6F:01:CE,-70,Box5
444,860492990,54:4A:16:6F:04:23,-61,Box5
437,860493140,54:4A:16:6F:05:05,-57,Box5
419,860493627,54:4A:16:6F:01:DA,-71,Box5
444,860493899,54:4A:16:6F:04:23,-65,Box5
437,860494028,54:4A:16:6F:05:05,-54,Box5
419,860494550,54:4A:16:6F:01:DA,-73,Box5
492,860494594,54:4A:16:6F:01:CE,-71,Box5
419,860495436,54:4A:16:6F:01:DA,-69,Box5
492,860495457,54:4A:16:6F:01:CE,-71,Box5
444,860495768,54:4A:16:6F:04:23,-61,Box5
419,860496551,54:4A:16:6F:01:DA,-69,Box5
492,860496601,54:4A:16:6F:01:CE,-68,Box5
444,860496780,54:4A:16:6F:04:23,-65,Box5
437,860496817,54:4A:16:6F:05:05,-57,Box5
419,860497256,54:4A:16:6F:01:DA,-71,Box5
492,860497300,54:4A:16:6F:01:CE,-68,Box5
437,860497645,54:4A:16:6F:05:05,-59,Box7
419,860498147,54:4A:16:6F:01:DA,-68,Box7
444,860498405,54:4A:16:6F:04:23,-67,Box7
437,860498568,54:4A:16:6F:05:05,-68,Box7
419,860499058,54:4A:16:6F:01:DA,-64,Box7
492,860499080,54:4A:16:6F:01:CE,-63,Box7
444,860499296,54:4A:16:6F:04:23,-50,Box7
437,860499462,54:4A:16:6F:05:05,-60,Box7
419,860499985,54:4A:16:6F:01:DA,-66,Box7
444,860500267,54:4A:16:6F:04:23,-53,Box7
437,860500441,54:4A:16:6F:05:05,-60,Box7
492,860500917,54:4A:16:6F:01:CE,-70,Box7
444,860501173,54:4A:16:6F:04:23,-53,Box7
437,860501302,54:4A:16:6F:05:05,-71,Box7
419,860501818,54:4A:16:6F:01:DA,-85,Box7
492,860501880,54:4A:16:6F:01:CE,-87,Box7
437,860502214,54:4A:16:6F:05:05,-70,Box7
492,860502712,54:4A:16:6F:01:CE,-86,Box7
444,860502915,54:4A:16:6F:04:23,-52,Box7
437,860503085,54:4A:16:6F:05:05,-68,Box7
419,860503664,54:4A:16:6F:01:DA,-79,Box7
492,860503689,54:4A:16:6F:01:CE,-70,Box7
444,860503906,54:4A:16:6F:04:23,-52,Box7
437,860504037,54:4A:16:6F:05:05,-63,Box7
492,860505437,54:4A:16:6F:01:CE,-73,Box7
492,860512699,54:4A:16:6F:01:CE,-85,Box7
419,860514462,54:4A:16:6F:01:DA,-76,Box7
444,860518322,54:4A:16:6F:04:23,-54,Box7
492,860520913,54:4A:16:6F:01:CE,-69,Box7
437,860520933,54:4A:16:6F:05:05,-62,Box7
492,860524436,54:4A:16:6F:01:CE,-73,Box7
419,860525303,54:4A:16:6F:01:DA,-82,Box7
492,860525340,54:4A:16:6F:01:CE,-86,Box7
444,860525552,54:4A:16:6F:04:23,-54,Box7
437,860525684,54:4A:16:6F:05:05,-60,Box7
419,860526221,54:4A:16:6F:01:DA,-77,Box7
444,860526456,54:4A:16:6F:04:23,-54,Box7
437,860526578,54:4A:16:6F:05:05,-61,Box7
419,860527097,54:4A:16:6F:01:DA,-77,Box7
492,860527157,54:4A:16:6F:01:CE,-73,Box7
444,860527353,54:4A:16:6F:04:23,-54,Box7
419,860528049,54:4A:16:6F:01:DA,-82,Box7
444,860528261,54:4A:16:6F:04:23,-53,Box7
437,860528388,54:4A:16:6F:05:05,-69,Box7
419,860529270,54:4A:16:6F:01:DA,-82,Box7
492,860529300,54:4A:16:6F:01:CE,-69,Box7
437,860529491,54:4A:16:6F:05:05,-69,Box7
419,860529835,54:4A:16:6F:01:DA,-81,Box7
492,860529868,54:4A:16:6F:01:CE,-69,Box7
444,860530080,54:4A:16:6F:04:23,-52,Box7
419,860530720,54:4A:16:6F:01:DA,-77,Box7
492,860530798,54:4A:16:6F:01:CE,-73,Box7
437,860531486,54:4A:16:6F:05:05,-61,Box7
419,860532221,54:4A:16:6F:01:DA,-77,Box7
492,860532308,54:4A:16:6F:01:CE,-74,Box7
444,860532645,54:4A:16:6F:04:23,-54,Box7
419,860533522,54:4A:16:6F:01:DA,-77,Box7
444,860533628,54:4A:16:6F:04:23,-53,Box7
437,860533697,54:4A:16:6F:05:05,-69,Box7
419,860533921,54:4A:16:6F:01:DA,-78,Box7
492,860533965,54:4A:16:6F:01:CE,-87,Box7
444,860534132,54:4A:16:6F:04:23,-53,Box7
444,860534598,54:4A:16:6F:04:23,-54,Box7
437,860534719,54:4A:16:6F:05:05,-63,Box7
419,860535258,54:4A:16:6F:01:DA,-81,Box7
492,860535397,54:4A:16:6F:01:CE,-73,Box7
437,860535794,54:4A:16:6F:05:05,-61,Box7
419,860536164,54:4A:16:6F:01:DA,-82,Box7
437,860536530,54:4A:16:6F:05:05,-60,Box7
492,860537216,54:4A:16:6F:01:CE,-84,Box7
444,860537732,54:4A:16:6F:04:23,-53,Box7
437,860537912,54:4A:16:6F:05:05,-70,Box7
419,860538376,54:4A:16:6F:01:DA,-79,Box7
437,860538852,54:4A:16:6F:05:05,-69,Box7
444,860539435,54:4A:16:6F:04:23,-49,Box7
437,860539708,54:4A:16:6F:05:05,-70,Box7
419,860540276,54:4A:16:6F:01:DA,-81,Box7
492,860540328,54:4A:16:6F:01:CE,-71,Box7
444,860540799,54:4A:16:6F:04:23,-54,Box7
419,860542084,54:4A:16:6F:01:DA,-84,Box7
492,860542234,54:4A:16:6F:01:CE,-86,Box7
419,860544307,54:4A:16:6F:01:DA,-84,Box7
492,860544443,54:4A:16:6F:01:CE,-87,Box7
444,860546354,54:4A:16:6F:04:23,-53,Box7
419,860546647,54:4A:16:6F:01:DA,-78,Box7
492,860546684,54:4A:16:6F:01:CE,-69,Box7
444,860546903,54:4A:16:6F:04:23,-49,Box7
437,860547014,54:4A:16:6F:05:05,-69,Box7
419,860547086,54:4A:16:6F:01:DA,-77,Box7
492,860547126,54:4A:16:6F:01:CE,-72,Box7
444,860547156,54:4A:16:6F:04:23,-54,Box7
437,860547258,54:4A:16:6F:05:05,-63,Box7
419,860547476,54:4A:16:6F:01:DA,-81,Box7
437,860547720,54:4A:16:6F:05:05,-63,Box7
419,860548041,54:4A:16:6F:01:DA,-83,Box7
492,860548243,54:4A:16:6F:01:CE,-88,Box7
444,860548450,54:4A:16:6F:04:23,-54,Box7
437,860548557,54:4A:16:6F:05:05,-61,Box7
419,860549062,54:4A:16:6F:01:DA,-83,Box7
492,860549113,54:4A:16:6F:01:CE,-69,Box7
444,860549350,54:4A:16:6F:04:23,-53,Box7
419,860555163,54:4A:16:6F:01:DA,-84,Box7
492,860555196,54:4A:16:6F:01:CE,-72,Box7
437,860555372,54:4A:16:6F:05:05,-70,Box7
419,860555694,54:4A:16:6F:01:DA,-78,Box7
444,860555951,54:4A:16:6F:04:23,-53,Box7
437,860556031,54:4A:16:6F:05:05,-63,Box7
419,860556304,54:4A:16:6F:01:DA,-81,Box7
492,860556352,54:4A:16:6F:01:CE,-86,Box7
437,860556728,54:4A:16:6F:05:05,-61,Box7
419,860557817,54:4A:16:6F:01:DA,-84,Box7
492,860557866,54:4A:16:6F:01:CE,-69,Box7
444,860558112,54:4A:16:6F:04:23,-54,Box7
437,860558215,54:4A:16:6F:05:05,-61,Box7
419,860558771,54:4A:16:6F:01:DA,-86,Box7
444,860558946,54:4A:16:6F:04:23,-53,Box7
419,860559889,54:4A:16:6F:01:DA,-77,Box7
444,860560135,54:4A:16:6F:04:23,-53,Box7
437,860560195,54:4A:16:6F:05:05,-69,Box7
419,860560711,54:4A:16:6F:01:DA,-78,Box7
437,860561353,54:4A:16:6F:05:05,-69,Box7
492,860561864,54:4A:16:6F:01:CE,-86,Box7
437,860562207,54:4A:16:6F:05:05,-63,Box7
419,860562458,54:4A:16:6F:01:DA,-81,Box7
492,860562520,54:4A:16:6F:01:CE,-68,Box7
437,860562906,54:4A:16:6F:05:05,-63,Box7
492,860563362,54:4A:16:6F:01:CE,-69,Box7
437,860563860,54:4A:16:6F:05:05,-61,Box7
419,860565457,54:4A:16:6F:01:DA,-84,Box7
437,860565936,54:4A:16:6F:05:05,-60,Box7
419,860567376,54:4A:16:6F:01:DA,-77,Box7
492,860567429,54:4A:16:6F:01:CE,-84,Box7
444,860568157,54:4A:16:6F:04:23,-53,Box7
437,860568510,54:4A:16:6F:05:05,-69,Box7
419,860569902,54:4A:16:6F:01:DA,-85,Box7
492,860569946,54:4A:16:6F:01:CE,-89,Box7
437,860570673,54:4A:16:6F:05:05,-69,Box7
419,860571275,54:4A:16:6F:01:DA,-89,Box7
492,860571334,54:4A:16:6F:01:CE,-70,Box7
444,860571766,54:4A:16:6F:04:23,-53,Box7
492,860572507,54:4A:16:6F:01:CE,-74,Box7
444,860572905,54:4A:16:6F:04:23,-54,Box7
437,860573255,54:4A:16:6F:05:05,-62,Box7
419,860573709,54:4A:16:6F:01:DA,-77,Box7
444,860574041,54:4A:16:6F:04:23,-53,Box7
444,860574866,54:4A:16:6F:04:23,-49,Box7
437,860575010,54:4A:16:6F:05:05,-60,Box7
492,860575526,54:4A:16:6F:01:CE,-70,Box7
437,860575761,54:4A:16:6F:05:05,-69,Box7
492,860576451,54:4A:16:6F:01:CE,-70,Box7
419,860576498,54:4A:16:6F:01:DA,-82,Box7
444,860576876,54:4A:16:6F:04:23,-49,Box7
437,860577048,54:4A:16:6F:05:05,-63,Box7
419,860577854,54:4A:16:6F:01:DA,-84,Box7
444,860578255,54:4A:16:6F:04:23,-54,Box7
437,860578486,54:4A:16:6F:05:05,-63,Box7
492,860579355,54:4A:16:6F:01:CE,-74,Box7
419,860579411,54:4A:16:6F:01:DA,-83,Box7
444,860579568,54:4A:16:6F:04:23,-54,Box7
437,860579830,54:4A:16:6F:05:05,-60,Box7
419,860580890,54:4A:16:6F:01:DA,-77,Box7
444,860581512,54:4A:16:6F:04:23,-53,Box7
492,860583206,54:4A:16:6F:01:CE,-83,Box7
437,860584097,54:4A:16:6F:05:05,-69,Box7
419,860584598,54:4A:16:6F:01:DA,-83,Box7
492,860584656,54:4A:16:6F:01:CE,-83,Box7
437,860584993,54:4A:16:6F:05:05,-69,Box7
419,860585438,54:4A:16:6F:01:DA,-82,Box7
492,860585495,54:4A:16:6F:01:CE,-83,Box7
444,860585816,54:4A:16:6F:04:23,-54,Box7
437,860585936,54:4A:16:6F:05:05,-62,Box7
419,860586282,54:4A:16:6F:01:DA,-77,Box7
492,860586340,54:4A:16:6F:01:CE,-70,Box7
419,860587280,54:4A:16:6F:01:DA,-78,Box7
444,860587944,54:4A:16:6F:04:23,-53,Box7
437,860588163,54:4A:16:6F:05:05,-61,Box7
419,860589475,54:4A:16:6F:01:DA,-73,Box7
419,860591405,54:4A:16:6F:01:DA,-77,Box7
492,860591452,54:4A:16:6F:01:CE,-83,Box7
419,860592207,54:4A:16:6F:01:DA,-77,Box7
444,860592397,54:4A:16:6F:04:23,-53,Box7
437,860592503,54:4A:16:6F:05:05,-72,Box7
437,860593059,54:4A:16:6F:05:05,-70,Box7
419,860593775,54:4A:16:6F:01:DA,-77,Box7
444,860594309,54:4A:16:6F:04:23,-54,Box7
492,860594842,54:4A:16:6F:01:CE,-88,Box7
444,860595029,54:4A:16:6F:04:23,-53,Box7
437,860595176,54:4A:16:6F:05:05,-60,Box7
492,860595464,54:4A:16:6F:01:CE,-89,Box7
419,860595516,54:4A:16:6F:01:DA,-75,Box7
437,860595845,54:4A:16:6F:05:05,-60,Box7
492,860596814,54:4A:16:6F:01:CE,-68,Box7
419,860596862,54:4A:16:6F:01:DA,-78,Box7
492,860597357,54:4A:16:6F:01:CE,-71,Box7
444,860597695,54:4A:16:6F:04:23,-53,Box7
437,860597744,54:4A:16:6F:05:05,-62,Box7
492,860598013,54:4A:16:6F:01:CE,-71,Box7
419,860598042,54:4A:16:6F:01:DA,-77,Box7
437,860598329,54:4A:16:6F:05:05,-62,Box7
492,860598770,54:4A:16:6F:01:CE,-89,Box7
444,860601659,54:4A:16:6F:04:23,-54,Box7
437,860601861,54:4A:16:6F:05:05,-60,Box7
492,860602437,54:4A:16:6F:01:CE,-68,Box7
419,860602496,54:4A:16:6F:01:DA,-77,Box7
444,860602553,54:4A:16:6F:04:23,-53,Box7
492,860602713,54:4A:16:6F:01:CE,-68,Box7
437,860602815,54:4A:16:6F:05:05,-62,Box7
444,860603080,54:4A:16:6F:04:23,-49,Box7
437,860603117,54:4A:16:6F:05:05,-62,Box7
492,860603444,54:4A:16:6F:01:CE,-71,Box7
444,860603698,54:4A:16:6F:04:23,-49,Box7
419,860604369,54:4A:16:6F:01:DA,-78,Box7
444,860604626,54:4A:16:6F:04:23,-54,Box7
437,860604777,54:4A:16:6F:05:05,-60,Box7
419,860605167,54:4A:16:6F:01:DA,-75,Box7
492,860605195,54:4A:16:6F:01:CE,-89,Box7
444,860605444,54:4A:16:6F:04:23,-54,Box7
437,860605636,54:4A:16:6F:05:05,-70,Box7
419,860606145,54:4A:16:6F:01:DA,-78,Box7
492,860606174,54:4A:16:6F:01:CE,-88,Box7
444,860606401,54:4A:16:6F:04:23,-53,Box7
437,860606514,54:4A:16:6F:05:05,-70,Box7
419,860606951,54:4A:16:6F:01:DA,-77,Box7
492,860606982,54:4A:16:6F:01:CE,-68,Box7
444,860607149,54:4A:16:6F:04:23,-53,Box7
492,860607346,54:4A:16:6F:01:CE,-71,Box7
444,860607482,54:4A:16:6F:04:23,-53,Box7
437,860607654,54:4A:16:6F:05:05,-60,Box7
419,860608089,54:4A:16:6F:01:DA,-76,Box7
492,860608114,54:4A:16:6F:01:CE,-70,Box7
444,860608367,54:4A:16:6F:04:23,-53,Box7
437,860608488,54:4A:16:6F:05:05,-70,Box7
492,860609432,54:4A:16:6F:01:CE,-88,Box7
444,860609687,54:4A:16:6F:04:23,-54,Box7
419,860609956,54:4A:16:6F:01:DA,-71,Box7
444,860610014,54:4A:16:6F:04:23,-53,Box7
437,860610108,54:4A:16:6F:05:05,-61,Box7
492,860610424,54:4A:16:6F:01:CE,-68,Box7
492,860610734,54:4A:16:6F:01:CE,-68,Box7
444,860611777,54:4A:16:6F:04:23,-49,Box7
437,860611863,54:4A:16:6F:05:05,-70,Box7
419,860612450,54:4A:16:6F:01:DA,-76,Box7
444,860612740,54:4A:16:6F:04:23,-54,Box7
492,860613285,54:4A:16:6F:01:CE,-92,Box7
444,860613493,54:4A:16:6F:04:23,-54,Box7
437,860613553,54:4A:16:6F:05:05,-62,Box7
492,860613709,54:4A:16:6F:01:CE,-68,Box7
444,860613898,54:4A:16:6F:04:23,-52,Box7
492,860614043,54:4A:16:6F:01:CE,-71,Box7
419,860614075,54:4A:16:6F:01:DA,-69,Box7
444,860614204,54:4A:16:6F:04:23,-53,Box7
492,860614406,54:4A:16:6F:01:CE,-68,Box7
419,860614434,54:4A:16:6F:01:DA,-69,Box7
437,860615898,54:4A:16:6F:05:05,-67,Box7
492,860616396,54:4A:16:6F:01:CE,-90,Box7
437,860616651,54:4A:16:6F:05:05,-62,Box7
492,860617061,54:4A:16:6F:01:CE,-69,Box7
419,860617085,54:4A:16:6F:01:DA,-79,Box7
444,860617173,54:4A:16:6F:04:23,-50,Box7
492,860617584,54:4A:16:6F:01:CE,-69,Box7
419,860617606,54:4A:16:6F:01:DA,-80,Box7
444,860617673,54:4A:16:6F:04:23,-50,Box7
437,860617724,54:4A:16:6F:05:05,-60,Box7
492,860618065,54:4A:16:6F:01:CE,-72,Box7
419,860618095,54:4A:16:6F:01:DA,-67,Box7
444,860618160,54:4A:16:6F:04:23,-50,Box7
437,860618241,54:4A:16:6F:05:05,-64,Box7
437,860618713,54:4A:16:6F:05:05,-63,Box7
444,860619690,54:4A:16:6F:04:23,-54,Box7
437,860619750,54:4A:16:6F:05:05,-62,Box7
444,860620478,54:4A:16:6F:04:23,-58,Box7
437,860620567,54:4A:16:6F:05:05,-60,Box7
492,860623769,54:4A:16:6F:01:CE,-90,Box7
419,860623797,54:4A:16:6F:01:DA,-78,Box7
444,860624084,54:4A:16:6F:04:23,-53,Box7
437,860624215,54:4A:16:6F:05:05,-68,Box7
492,860624584,54:4A:16:6F:01:CE,-68,Box7
419,860625018,54:4A:16:6F:01:DA,-68,Box7
492,860625058,54:4A:16:6F:01:CE,-72,Box7
444,860625217,54:4A:16:6F:04:23,-54,Box7
437,860625339,54:4A:16:6F:05:05,-67,Box7
444,860626103,54:4A:16:6F:04:23,-57,Box7
437,860626160,54:4A:16:6F:05:05,-61,Box7
419,860626327,54:4A:16:6F:01:DA,-71,Box7
444,860626459,54:4A:16:6F:04:23,-53,Box7
437,860626518,54:4A:16:6F:05:05,-60,Box7
444,860626977,54:4A:16:6F:04:23,-53,Box7
492,860627564,54:4A:16:6F:01:CE,-79,Box7
444,860627792,54:4A:16:6F:04:23,-54,Box7
492,860628157,54:4A:16:6F:01:CE,-72,Box7
444,860628238,54:4A:16:6F:04:23,-54,Box7
437,860628300,54:4A:16:6F:05:05,-60,Box7
444,860628747,54:4A:16:6F:04:23,-57,Box7
492,860628977,54:4A:16:6F:01:CE,-72,Box7
419,860628996,54:4A:16:6F:01:DA,-71,Box7
444,860629120,54:4A:16:6F:04:23,-54,Box7
437,860629141,54:4A:16:6F:05:05,-67,Box7
419,860629563,54:4A:16:6F:01:DA,-72,Box7
444,860629735,54:4A:16:6F:04:23,-53,Box7
437,860629774,54:4A:16:6F:05:05,-61,Box7
419,860629973,54:4A:16:6F:01:DA,-73,Box7
444,860630062,54:4A:16:6F:04:23,-53,Box7
437,860630131,54:4A:16:6F:05:05,-62,Box7
419,860630436,54:4A:16:6F:01:DA,-75,Box7
437,860630577,54:4A:16:6F:05:05,-59,Box7
492,860630783,54:4A:16:6F:01:CE,-70,Box7
492,860631286,54:4A:16:6F:01:CE,-73,Box7
419,860631320,54:4A:16:6F:01:DA,-79,Box7
444,860631522,54:4A:16:6F:04:23,-48,Box7
437,860631699,54:4A:16:6F:05:05,-59,Box7
492,860632124,54:4A:16:6F:01:CE,-88,Box7
419,860632158,54:4A:16:6F:01:DA,-70,Box7
492,860632699,54:4A:16:6F:01:CE,-83,Box7
419,860632809,54:4A:16:6F:01:DA,-70,Box7
444,860632999,54:4A:16:6F:04:23,-60,Box7
419,860633682,54:4A:16:6F:01:DA,-72,Box7
444,860633779,54:4A:16:6F:04:23,-55,Box7
437,860633846,54:4A:16:6F:05:05,-67,Box7
492,860634271,54:4A:16:6F:01:CE,-71,Box7
419,860634336,54:4A:16:6F:01:DA,-70,Box7
444,860634530,54:4A:16:6F:04:23,-55,Box7
437,860634682,54:4A:16:6F:05:05,-62,Box7
492,860635338,54:4A:16:6F:01:CE,-75,Box7
419,860635425,54:4A:16:6F:01:DA,-78,Box7
437,860635802,54:4A:16:6F:05:05,-61,Box7
492,860636359,54:4A:16:6F:01:CE,-76,Box7
419,860636391,54:4A:16:6F:01:DA,-79,Box7
492,860636724,54:4A:16:6F:01:CE,-88,Box7
437,860636947,54:4A:16:6F:05:05,-62,Box7
492,860637040,54:4A:16:6F:01:CE,-71,Box7
419,860637072,54:4A:16:6F:01:DA,-70,Box7
444,860637231,54:4A:16:6F:04:23,-54,Box7
444,881025940,54:4A:16:6F:04:23,-68,Box2
419,881030507,54:4A:16:6F:01:DA,-70,Box2
444,881032226,54:4A:16:6F:04:23,-64,Box2
444,881038581,54:4A:16:6F:04:23,-69,Box2
492,881043417,54:4A:16:6F:01:CE,-65,Box2
419,881043745,54:4A:16:6F:01:DA,-72,Box2
437,881044940,54:4A:16:6F:05:05,-72,Box2
444,881045807,54:4A:16:6F:04:23,-68,Box2
419,881045832,54:4A:16:6F:01:DA,-73,Box2
492,881046236,54:4A:16:6F:01:CE,-65,Box2
437,881046688,54:4A:16:6F:05:05,-74,Box2
419,881046730,54:4A:16:6F:01:DA,-73,Box2
492,881047140,54:4A:16:6F:01:CE,-62,Box2
437,881047589,54:4A:16:6F:05:05,-74,Box2
444,881047621,54:4A:16:6F:04:23,-74,Box2
419,881047656,54:4A:16:6F:01:DA,-73,Box2
492,881048034,54:4A:16:6F:01:CE,-62,Box2
437,881048497,54:4A:16:6F:05:05,-74,Box2
444,881048527,54:4A:16:6F:04:23,-69,Box2
419,881048557,54:4A:16:6F:01:DA,-68,Box2
492,881048947,54:4A:16:6F:01:CE,-68,Box2
437,881049391,54:4A:16:6F:05:05,-73,Box2
444,881049419,54:4A:16:6F:04:23,-69,Box2
492,881049850,54:4A:16:6F:01:CE,-66,Box2
437,881050296,54:4A:16:6F:05:05,-73,Box2
492,881050762,54:4A:16:6F:01:CE,-62,Box2
437,881051242,54:4A:16:6F:05:05,-68,Box2
444,881051271,54:4A:16:6F:04:23,-70,Box2
419,881051288,54:4A:16:6F:01:DA,-70,Box2
437,881052124,54:4A:16:6F:05:05,-68,Box2
444,881052140,54:4A:16:6F:04:23,-75,Box2
419,881052158,54:4A:16:6F:01:DA,-73,Box2
492,881052548,54:4A:16:6F:01:CE,-68,Box2
437,881053052,54:4A:16:6F:05:05,-74,Box2
444,881053089,54:4A:16:6F:04:23,-69,Box2
492,881053458,54:4A:16:6F:01:CE,-61,Box2
437,881053930,54:4A:16:6F:05:05,-71,Box2
444,881054001,54:4A:16:6F:04:23,-65,Box2
492,881054362,54:4A:16:6F:01:CE,-63,Box2
437,881054820,54:4A:16:6F:05:05,-72,Box2
419,881054870,54:4A:16:6F:01:DA,-70,Box2
492,881055283,54:4A:16:6F:01:CE,-63,Box2
419,881056765,54:4A:16:6F:01:DA,-73,Box2
437,881058480,54:4A:16:6F:05:05,-79,Box2
444,881063931,54:4A:16:6F:04:23,-68,Box2
419,881063945,54:4A:16:6F:01:DA,-64,Box2
492,881068052,54:4A:16:6F:01:CE,-67,Box2
437,881068706,54:4A:16:6F:05:05,-71,Box2
444,881068732,54:4A:16:6F:04:23,-74,Box2
419,881068747,54:4A:16:6F:01:DA,-69,Box2
492,881068996,54:4A:16:6F:01:CE,-69,Box2
437,881069305,54:4A:16:6F:05:05,-69,Box2
419,881069372,54:4A:16:6F:01:DA,-72,Box2
492,881069740,54:4A:16:6F:01:CE,-64,Box2
437,881070225,54:4A:16:6F:05:05,-79,Box2
444,881070283,54:4A:16:6F:04:23,-67,Box2
419,881070359,54:4A:16:6F:01:DA,-66,Box2
492,881070887,54:4A:16:6F:01:CE,-70,Box2
437,881071121,54:4A:16:6F:05:05,-73,Box2
444,881071155,54:4A:16:6F:04:23,-73,Box2
419,881071174,54:4A:16:6F:01:DA,-68,Box2
437,881072056,54:4A:16:6F:05:05,-75,Box2
444,881072230,54:4A:16:6F:04:23,-69,Box2
419,881072348,54:4A:16:6F:01:DA,-69,Box2
437,881072935,54:4A:16:6F:05:05,-71,Box2
419,881072984,54:4A:16:6F:01:DA,-71,Box2
492,881073358,54:4A:16:6F:01:CE,-69,Box2
444,881073862,54:4A:16:6F:04:23,-73,Box2
419,881073884,54:4A:16:6F:01:DA,-67,Box2
492,881077443,54:4A:16:6F:01:CE,-67,Box2
492,881077558,54:4A:16:6F:01:CE,-64,Box2
437,881077596,54:4A:16:6F:05:05,-71,Box2
444,881077609,54:4A:16:6F:04:23,-62,Box2
419,881077621,54:4A:16:6F:01:DA,-70,Box2
492,881077680,54:4A:16:6F:01:CE,-66,Box2
437,881077788,54:4A:16:6F:05:05,-65,Box2
444,881077810,54:4A:16:6F:04:23,-64,Box2
419,881077823,54:4A:16:6F:01:DA,-75,Box2
437,881078274,54:4A:16:6F:05:05,-64,Box2
492,881078479,54:4A:16:6F:01:CE,-72,Box2
437,881078593,54:4A:16:6F:05:05,-67,Box2
444,881078607,54:4A:16:6F:04:23,-68,Box2
419,881078620,54:4A:16:6F:01:DA,-72,Box2
437,881079298,54:4A:16:6F:05:05,-71,Box2
444,881079314,54:4A:16:6F:04:23,-66,Box2
419,881079332,54:4A:16:6F:01:DA,-72,Box2
437,881080178,54:4A:16:6F:05:05,-70,Box2
444,881080195,54:4A:16:6F:04:23,-66,Box2
419,881080215,54:4A:16:6F:01:DA,-73,Box2
492,881080613,54:4A:16:6F:01:CE,-70,Box2
492,881081533,54:4A:16:6F:01:CE,-70,Box2
437,881082032,54:4A:16:6F:05:05,-66,Box3
444,881082052,54:4A:16:6F:04:23,-69,Box3
492,881082438,54:4A:16:6F:01:CE,-75,Box3
437,881082907,54:4A:16:6F:05:05,-63,Box3
444,881082938,54:4A:16:6F:04:23,-71,Box3
492,881083340,54:4A:16:6F:01:CE,-69,Box3
437,881083794,54:4A:16:6F:05:05,-66,Box3
444,881083833,54:4A:16:6F:04:23,-52,Box3
492,881084237,54:4A:16:6F:01:CE,-81,Box3
437,881084695,54:4A:16:6F:05:05,-64,Box3
419,881084713,54:4A:16:6F:01:DA,-68,Box3
492,881085147,54:4A:16:6F:01:CE,-72,Box3
419,881085627,54:4A:16:6F:01:DA,-69,Box3
444,881099181,54:4A:16:6F:04:23,-48,Box3
437,881099236,54:4A:16:6F:05:05,-67,Box3
419,881099290,54:4A:16:6F:01:DA,-84,Box3
492,881099637,54:4A:16:6F:01:CE,-71,Box3
444,881100071,54:4A:16:6F:04:23,-54,Box3
437,881100085,54:4A:16:6F:05:05,-63,Box3
419,881100108,54:4A:16:6F:01:DA,-79,Box3
492,881103733,54:4A:16:6F:01:CE,-74,Box3
444,881103799,54:4A:16:6F:04:23,-49,Box3
437,881103818,54:4A:16:6F:05:05,-63,Box3
419,881103832,54:4A:16:6F:01:DA,-79,Box3
492,881103864,54:4A:16:6F:01:CE,-74,Box3
444,881103933,54:4A:16:6F:04:23,-48,Box3
437,881103951,54:4A:16:6F:05:05,-68,Box3
492,881104018,54:4A:16:6F:01:CE,-74,Box3
444,881104066,54:4A:16:6F:04:23,-48,Box3
437,881104083,54:4A:16:6F:05:05,-68,Box3
492,881104449,54:4A:16:6F:01:CE,-73,Box3
444,881104499,54:4A:16:6F:04:23,-53,Box3
437,881104517,54:4A:16:6F:05:05,-65,Box3
419,881104530,54:4A:16:6F:01:DA,-74,Box3
492,881104634,54:4A:16:6F:01:CE,-73,Box3
444,881104988,54:4A:16:6F:04:23,-54,Box3
437,881105021,54:4A:16:6F:05:05,-65,Box3
419,881105034,54:4A:16:6F:01:DA,-76,Box3
492,881105279,54:4A:16:6F:01:CE,-73,Box3
444,881105505,54:4A:16:6F:04:23,-49,Box3
419,881105549,54:4A:16:6F:01:DA,-70,Box3
492,881105991,54:4A:16:6F:01:CE,-74,Box3
437,881106446,54:4A:16:6F:05:05,-63,Box3
419,881106489,54:4A:16:6F:01:DA,-69,Box3
444,881107306,54:4A:16:6F:04:23,-49,Box3
419,881107342,54:4A:16:6F:01:DA,-75,Box3
444,881108210,54:4A:16:6F:04:23,-54,Box3
437,881108246,54:4A:16:6F:05:05,-69,Box3
444,881109117,54:4A:16:6F:04:23,-54,Box3
437,881109145,54:4A:16:6F:05:05,-65,Box3
492,881109603,54:4A:16:6F:01:CE,-74,Box3
444,881110024,54:4A:16:6F:04:23,-54,Box3
437,881110051,54:4A:16:6F:05:05,-65,Box3
419,881110065,54:4A:16:6F:01:DA,-76,Box3
492,881111402,54:4A:16:6F:01:CE,-74,Box3
444,881111827,54:4A:16:6F:04:23,-48,Box3
437,881111889,54:4A:16:6F:05:05,-63,Box3
492,881112310,54:4A:16:6F:01:CE,-74,Box3
444,881112742,54:4A:16:6F:04:23,-48,Box3
492,881113664,54:4A:16:6F:01:CE,-74,Box3
437,881114073,54:4A:16:6F:05:05,-69,Box3
444,881115134,54:4A:16:6F:04:23,-54,Box3
419,881115215,54:4A:16:6F:01:DA,-75,Box3
437,881115242,54:4A:16:6F:05:05,-69,Box3
492,881115748,54:4A:16:6F:01:CE,-78,Box3
437,881116224,54:4A:16:6F:05:05,-63,Box3
419,881116271,54:4A:16:6F:01:DA,-77,Box3
492,881116476,54:4A:16:6F:01:CE,-74,Box3
444,881116637,54:4A:16:6F:04:23,-54,Box3
437,881116672,54:4A:16:6F:05:05,-63,Box3
419,881116707,54:4A:16:6F:01:DA,-76,Box3
492,881116901,54:4A:16:6F:01:CE,-74,Box3
492,881117759,54:4A:16:6F:01:CE,-78,Box3
492,881118661,54:4A:16:6F:01:CE,-77,Box3
444,881119152,54:4A:16:6F:04:23,-48,Box3
419,881119177,54:4A:16:6F:01:DA,-70,Box3
492,881119569,54:4A:16:6F:01:CE,-74,Box3
437,881120284,54:4A:16:6F:05:05,-63,Box3
419,881120467,54:4A:16:6F:01:DA,-78,Box3
437,881120911,54:4A:16:6F:05:05,-65,Box3
419,881120934,54:4A:16:6F:01:DA,-77,Box3
437,881122733,54:4A:16:6F:05:05,-63,Box3
419,881122777,54:4A:16:6F:01:DA,-76,Box3
444,881130503,54:4A:16:6F:04:23,-48,Box3
419,881133731,54:4A:16:6F:01:DA,-71,Box3
492,881134064,54:4A:16:6F:01:CE,-73,Box3
437,881134486,54:4A:16:6F:05:05,-63,Box3
419,881134533,54:4A:16:6F:01:DA,-75,Box3
492,881134945,54:4A:16:6F:01:CE,-74,Box3
444,881138272,54:4A:16:6F:04:23,-54,Box3
419,881142730,54:4A:16:6F:01:DA,-75,Box3
444,881144425,54:4A:16:6F:04:23,-48,Box3
437,881148218,54:4A:16:6F:05:05,-61,Box3
419,881148483,54:4A:16:6F:01:DA,-77,Box3
492,881148673,54:4A:16:6F:01:CE,-82,Box3
444,881148932,54:4A:16:6F:04:23,-48,Box3
437,881148965,54:4A:16:6F:05:05,-62,Box3
419,881149050,54:4A:16:6F:01:DA,-76,Box3
437,881149902,54:4A:16:6F:05:05,-62,Box3
492,881153152,54:4A:16:6F:01:CE,-81,Box3
419,881161807,54:4A:16:6F:01:DA,-74,Box3
444,881161927,54:4A:16:6F:04:23,-48,Box3
437,881161938,54:4A:16:6F:05:05,-67,Box3
419,881162084,54:4A:16:6F:01:DA,-72,Box3
444,881162510,54:4A:16:6F:04:23,-52,Box3
444,881163410,54:4A:16:6F:04:23,-49,Box3
437,881163448,54:4A:16:6F:05:05,-62,Box3
419,881163489,54:4A:16:6F:01:DA,-72,Box3
492,881163902,54:4A:16:6F:01:CE,-73,Box3
444,881164460,54:4A:16:6F:04:23,-47,Box3
437,881164496,54:4A:16:6F:05:05,-70,Box3
419,881164563,54:4A:16:6F:01:DA,-71,Box3
492,881164809,54:4A:16:6F:01:CE,-77,Box3
437,881165250,54:4A:16:6F:05:05,-67,Box3
419,881165292,54:4A:16:6F:01:DA,-73,Box3
444,881166176,54:4A:16:6F:04:23,-54,Box3
437,881166196,54:4A:16:6F:05:05,-66,Box3
419,881166215,54:4A:16:6F:01:DA,-73,Box3
492,881166643,54:4A:16:6F:01:CE,-77,Box3
444,881167044,54:4A:16:6F:04:23,-48,Box3
437,881167063,54:4A:16:6F:05:05,-65,Box3
419,881167110,54:4A:16:6F:01:DA,-72,Box3
492,881167533,54:4A:16:6F:01:CE,-78,Box3
444,881167935,54:4A:16:6F:04:23,-51,Box5
419,881168027,54:4A:16:6F:01:DA,-70,Box5
492,881168447,54:4A:16:6F:01:CE,-92,Box5
437,881168902,54:4A:16:6F:05:05,-74,Box5
419,881170758,54:4A:16:6F:01:DA,-78,Box5
444,881172489,54:4A:16:6F:04:23,-70,Box5
492,881173891,54:4A:16:6F:01:CE,-68,Box5
419,881175266,54:4A:16:6F:01:DA,-69,Box5
492,881180173,54:4A:16:6F:01:CE,-82,Box5
419,881181600,54:4A:16:6F:01:DA,-65,Box5
492,881181993,54:4A:16:6F:01:CE,-71,Box5
444,881182417,54:4A:16:6F:04:23,-74,Box5
437,881182443,54:4A:16:6F:05:05,-72,Box5
419,881182505,54:4A:16:6F:01:DA,-62,Box5
492,881182990,54:4A:16:6F:01:CE,-80,Box5
444,881183619,54:4A:16:6F:04:23,-73,Box5
437,881187065,54:4A:16:6F:05:05,-68,Box5
419,881187104,54:4A:16:6F:01:DA,-65,Box5
492,881187265,54:4A:16:6F:01:CE,-71,Box5
419,881187485,54:4A:16:6F:01:DA,-61,Box5
492,881187537,54:4A:16:6F:01:CE,-71,Box5
444,881187617,54:4A:16:6F:04:23,-65,Box5
437,881187636,54:4A:16:6F:05:05,-72,Box5
419,881187654,54:4A:16:6F:01:DA,-67,Box5
492,881187693,54:4A:16:6F:01:CE,-74,Box5
437,881187759,54:4A:16:6F:05:05,-68,Box5
419,881187791,54:4A:16:6F:01:DA,-64,Box5
492,881187827,54:4A:16:6F:01:CE,-71,Box5
444,881187884,54:4A:16:6F:04:23,-75,Box5
437,881187924,54:4A:16:6F:05:05,-68,Box5
419,881187979,54:4A:16:6F:01:DA,-70,Box5
492,881188050,54:4A:16:6F:01:CE,-68,Box5
444,881188065,54:4A:16:6F:04:23,-71,Box5
419,881188124,54:4A:16:6F:01:DA,-66,Box5
492,881188369,54:4A:16:6F:01:CE,-68,Box5
444,881188747,54:4A:16:6F:04:23,-66,Box5
437,881188782,54:4A:16:6F:05:05,-64,Box5
419,881188871,54:4A:16:6F:01:DA,-66,Box5
492,881189226,54:4A:16:6F:01:CE,-68,Box5
444,881189681,54:4A:16:6F:04:23,-66,Box5
437,881189732,54:4A:16:6F:05:05,-70,Box5
419,881189846,54:4A:16:6F:01:DA,-69,Box5
437,881192430,54:4A:16:6F:05:05,-74,Box5
492,881195613,54:4A:16:6F:01:CE,-68,Box5
419,881203832,54:4A:16:6F:01:DA,-70,Box5
492,881203908,54:4A:16:6F:01:CE,-67,Box5
419,881204258,54:4A:16:6F:01:DA,-66,Box5
492,881204620,54:4A:16:6F:01:CE,-73,Box5
444,881205173,54:4A:16:6F:04:23,-70,Box5
437,881205285,54:4A:16:6F:05:05,-67,Box5
419,881205372,54:4A:16:6F:01:DA,-66,Box5
492,881205582,54:4A:16:6F:01:CE,-72,Box5
419,881206073,54:4A:16:6F:01:DA,-69,Box5
492,881206435,54:4A:16:6F:01:CE,-67,Box5
419,881207026,54:4A:16:6F:01:DA,-67,Box5
492,881207587,54:4A:16:6F:01:CE,-66,Box5
444,881207753,54:4A:16:6F:04:23,-66,Box5
419,881207882,54:4A:16:6F:01:DA,-62,Box5
444,881209089,54:4A:16:6F:04:23,-74,Box5
437,881209139,54:4A:16:6F:05:05,-67,Box5
492,881209304,54:4A:16:6F:01:CE,-66,Box5
419,881218424,54:4A:16:6F:01:DA,-65,Box5
492,881218440,54:4A:16:6F:01:CE,-67,Box5
492,881221800,54:4A:16:6F:01:CE,-72,Box5
437,881223142,54:4A:16:6F:05:05,-71,Box5
419,881223294,54:4A:16:6F:01:DA,-74,Box5
444,881223509,54:4A:16:6F:04:23,-68,Box5
492,881223623,54:4A:16:6F:01:CE,-66,Box5
437,881224215,54:4A:16:6F:05:05,-70,Box5
419,881224310,54:4A:16:6F:01:DA,-74,Box5
492,881224511,54:4A:16:6F:01:CE,-71,Box5
437,881224964,54:4A:16:6F:05:05,-70,Box5
419,881225103,54:4A:16:6F:01:DA,-67,Box5
492,881225410,54:4A:16:6F:01:CE,-66,Box5
437,881225875,54:4A:16:6F:05:05,-71,Box5
419,881226024,54:4A:16:6F:01:DA,-66,Box5
444,881226082,54:4A:16:6F:04:23,-77,Box5
492,881226333,54:4A:16:6F:01:CE,-65,Box5
437,881226781,54:4A:16:6F:05:05,-75,Box5
419,881226929,54:4A:16:6F:01:DA,-66,Box5
492,881227235,54:4A:16:6F:01:CE,-66,Box5
492,881228347,54:4A:16:6F:01:CE,-66,Box5
437,881228617,54:4A:16:6F:05:05,-71,Box5
444,881228673,54:4A:16:6F:04:23,-71,Box5
419,881228738,54:4A:16:6F:01:DA,-74,Box5
492,881229031,54:4A:16:6F:01:CE,-73,Box5
444,881229215,54:4A:16:6F:04:23,-75,Box6
419,881229634,54:4A:16:6F:01:DA,-74,Box6
492,881229954,54:4A:16:6F:01:CE,-64,Box6
444,881230116,54:4A:16:6F:04:23,-72,Box6
437,881230387,54:4A:16:6F:05:05,-75,Box6
419,881230544,54:4A:16:6F:01:DA,-49,Box6
444,881231026,54:4A:16:6F:04:23,-76,Box6
419,881231446,54:4A:16:6F:01:DA,-60,Box6
492,881231780,54:4A:16:6F:01:CE,-46,Box6
444,881231941,54:4A:16:6F:04:23,-71,Box6
437,881232189,54:4A:16:6F:05:05,-81,Box6
444,881232846,54:4A:16:6F:04:23,-68,Box6
419,881233265,54:4A:16:6F:01:DA,-64,Box6
492,881233581,54:4A:16:6F:01:CE,-46,Box6
419,881234171,54:4A:16:6F:01:DA,-61,Box6
492,881234485,54:4A:16:6F:01:CE,-50,Box6
444,881234659,54:4A:16:6F:04:23,-76,Box6
437,881234925,54:4A:16:6F:05:05,-89,Box6
419,881235068,54:4A:16:6F:01:DA,-57,Box6
444,881235563,54:4A:16:6F:04:23,-77,Box6
437,881235829,54:4A:16:6F:05:05,-92,Box6
419,881236027,54:4A:16:6F:01:DA,-61,Box6
444,881236466,54:4A:16:6F:04:23,-70,Box6
437,881236739,54:4A:16:6F:05:05,-78,Box6
419,881236874,54:4A:16:6F:01:DA,-57,Box6
492,881237203,54:4A:16:6F:01:CE,-51,Box6
444,881237370,54:4A:16:6F:04:23,-77,Box6
437,881237638,54:4A:16:6F:05:05,-92,Box6
419,881237803,54:4A:16:6F:01:DA,-57,Box6
492,881238106,54:4A:16:6F:01:CE,-50,Box6
444,881238272,54:4A:16:6F:04:23,-68,Box6
419,881238696,54:4A:16:6F:01:DA,-59,Box6
492,881239001,54:4A:16:6F:01:CE,-47,Box6
444,881239175,54:4A:16:6F:04:23,-68,Box6
437,881239443,54:4A:16:6F:05:05,-90,Box6
492,881239913,54:4A:16:6F:01:CE,-47,Box6
444,881240082,54:4A:16:6F:04:23,-69,Box6
419,881240499,54:4A:16:6F:01:DA,-61,Box6
419,881241414,54:4A:16:6F:01:DA,-61,Box6
492,881241722,54:4A:16:6F:01:CE,-50,Box6
444,881241890,54:4A:16:6F:04:23,-76,Box6
437,881242155,54:4A:16:6F:05:05,-89,Box6
419,881242317,54:4A:16:6F:01:DA,-57,Box6
492,881242625,54:4A:16:6F:01:CE,-47,Box6
437,881243044,54:4A:16:6F:05:05,-90,Box6
419,881243231,54:4A:16:6F:01:DA,-57,Box6
492,881243530,54:4A:16:6F:01:CE,-48,Box6
444,881243702,54:4A:16:6F:04:23,-68,Box6
437,881243951,54:4A:16:6F:05:05,-76,Box6
419,881244123,54:4A:16:6F:01:DA,-58,Box6
492,881247885,54:4A:16:6F:01:CE,-46,Box6
444,881247899,54:4A:16:6F:04:23,-69,Box6
437,881247931,54:4A:16:6F:05:05,-89,Box6
444,881248010,54:4A:16:6F:04:23,-71,Box6
437,881248030,54:4A:16:6F:05:05,-94,Box6
419,881248097,54:4A:16:6F:01:DA,-61,Box6
492,881248157,54:4A:16:6F:01:CE,-50,Box6
444,881248178,54:4A:16:6F:04:23,-70,Box6
419,881248273,54:4A:16:6F:01:DA,-60,Box6
492,881248401,54:4A:16:6F:01:CE,-47,Box6
444,881248440,54:4A:16:6F:04:23,-70,Box6
437,881248482,54:4A:16:6F:05:05,-82,Box6
419,881248523,54:4A:16:6F:01:DA,-60,Box6
492,881248591,54:4A:16:6F:01:CE,-46,Box6
444,881248610,54:4A:16:6F:04:23,-69,Box6
437,881248629,54:4A:16:6F:05:05,-91,Box6
419,881248751,54:4A:16:6F:01:DA,-61,Box6
444,881249118,54:4A:16:6F:04:23,-70,Box6
437,881249377,54:4A:16:6F:05:05,-91,Box6
444,881250027,54:4A:16:6F:04:23,-64,Box6
437,881250281,54:4A:16:6F:05:05,-89,Box6
492,881250766,54:4A:16:6F:01:CE,-50,Box6
437,881251175,54:4A:16:6F:05:05,-77,Box6
419,881251350,54:4A:16:6F:01:DA,-60,Box6
492,881251666,54:4A:16:6F:01:CE,-50,Box6
444,881251849,54:4A:16:6F:04:23,-73,Box6
419,881252262,54:4A:16:6F:01:DA,-61,Box6
444,881252753,54:4A:16:6F:04:23,-75,Box6
419,881253365,54:4A:16:6F:01:DA,-60,Box6
492,881253544,54:4A:16:6F:01:CE,-47,Box6
444,881253675,54:4A:16:6F:04:23,-68,Box6
419,881254076,54:4A:16:6F:01:DA,-60,Box6
492,881254449,54:4A:16:6F:01:CE,-50,Box6
444,881254646,54:4A:16:6F:04:23,-68,Box6
437,881254800,54:4A:16:6F:05:05,-78,Box6
492,881255282,54:4A:16:6F:01:CE,-50,Box6
444,881255469,54:4A:16:6F:04:23,-68,Box6
437,881255710,54:4A:16:6F:05:05,-77,Box6
419,881255897,54:4A:16:6F:01:DA,-59,Box6
444,881256367,54:4A:16:6F:04:23,-69,Box6
419,881256782,54:4A:16:6F:01:DA,-62,Box6
492,881257095,54:4A:16:6F:01:CE,-47,Box6
444,881258185,54:4A:16:6F:04:23,-68,Box6
437,881258429,54:4A:16:6F:05:05,-78,Box6
492,881258917,54:4A:16:6F:01:CE,-47,Box6
444,881259090,54:4A:16:6F:04:23,-68,Box6
437,881259319,54:4A:16:6F:05:05,-93,Box6
419,881259504,54:4A:16:6F:01:DA,-63,Box6
437,881260245,54:4A:16:6F:05:05,-93,Box6
492,881260707,54:4A:16:6F:01:CE,-46,Box6
444,881261825,54:4A:16:6F:04:23,-68,Box6
437,881262257,54:4A:16:6F:05:05,-78,Box6
419,881262802,54:4A:16:6F:01:DA,-62,Box6
419,881263730,54:4A:16:6F:01:DA,-63,Box6
437,881268408,54:4A:16:6F:05:05,-78,Box6
419,881269447,54:4A:16:6F:01:DA,-60,Box6
444,881275363,54:4A:16:6F:04:23,-69,Box6
492,881276097,54:4A:16:6F:01:CE,-46,Box6
444,881276270,54:4A:16:6F:04:23,-69,Box6
419,881276678,54:4A:16:6F:01:DA,-62,Box6
492,881277027,54:4A:16:6F:01:CE,-46,Box6
437,881277556,54:4A:16:6F:05:05,-88,Box6
419,881277717,54:4A:16:6F:01:DA,-61,Box6
444,881278084,54:4A:16:6F:04:23,-70,Box6
437,881278334,54:4A:16:6F:05:05,-87,Box6
492,881278816,54:4A:16:6F:01:CE,-46,Box6
444,881278989,54:4A:16:6F:04:23,-70,Box6
437,881279554,54:4A:16:6F:05:05,-76,Box6
419,881279629,54:4A:16:6F:01:DA,-61,Box6
492,881279927,54:4A:16:6F:01:CE,-47,Box6
444,881280010,54:4A:16:6F:04:23,-68,Box6
437,881280166,54:4A:16:6F:05:05,-76,Box6
419,881280297,54:4A:16:6F:01:DA,-57,Box6
492,881280623,54:4A:16:6F:01:CE,-46,Box6
444,881280822,54:4A:16:6F:04:23,-70,Box6
437,881281084,54:4A:16:6F:05:05,-87,Box6
419,881281214,54:4A:16:6F:01:DA,-58,Box6
492,881286683,54:4A:16:6F:01:CE,-46,Box6
444,881286748,54:4A:16:6F:04:23,-70,Box6
437,881286798,54:4A:16:6F:05:05,-83,Box6
419,881286830,54:4A:16:6F:01:DA,-58,Box6
492,881286894,54:4A:16:6F:01:CE,-46,Box6
444,881286936,54:4A:16:6F:04:23,-75,Box6
437,881287083,54:4A:16:6F:05:05,-89,Box6
419,881287229,54:4A:16:6F:01:DA,-63,Box6
444,881287889,54:4A:16:6F:04:23,-73,Box6
437,881288031,54:4A:16:6F:05:05,-84,Box6
419,881288133,54:4A:16:6F:01:DA,-64,Box6
492,881288206,54:4A:16:6F:01:CE,-47,Box6
444,881288314,54:4A:16:6F:04:23,-68,Box6
437,881288403,54:4A:16:6F:05:05,-82,Box6
419,881288423,54:4A:16:6F:01:DA,-64,Box6
492,881288516,54:4A:16:6F:01:CE,-46,Box6
444,881288560,54:4A:16:6F:04:23,-69,Box6
437,881288626,54:4A:16:6F:05:05,-85,Box6
492,881288713,54:4A:16:6F:01:CE,-45,Box6
444,881288758,54:4A:16:6F:04:23,-72,Box6
419,881288812,54:4A:16:6F:01:DA,-62,Box6
444,881288854,54:4A:16:6F:04:23,-74,Box6
492,881292454,54:4A:16:6F:01:CE,-49,Box6
437,881295583,54:4A:16:6F:05:05,-90,Box8
419,881296648,54:4A:16:6F:01:DA,-45,Box8
492,881298724,54:4A:16:6F:01:CE,-63,Box8
492,881299621,54:4A:16:6F:01:CE,-67,Box8
444,881299791,54:4A:16:6F:04:23,-73,Box8
437,881300067,54:4A:16:6F:05:05,-76,Box8
419,881300231,54:4A:16:6F:01:DA,-47,Box8
492,881300523,54:4A:16:6F:01:CE,-55,Box8
437,881300992,54:4A:16:6F:05:05,-74,Box8
419,881301145,54:4A:16:6F:01:DA,-47,Box8
492,881301431,54:4A:16:6F:01:CE,-55,Box8
437,881301885,54:4A:16:6F:05:05,-75,Box8
419,881302051,54:4A:16:6F:01:DA,-47,Box8
492,881302332,54:4A:16:6F:01:CE,-68,Box8
437,881302790,54:4A:16:6F:05:05,-83,Box8
419,881302971,54:4A:16:6F:01:DA,-47,Box8
444,881303431,54:4A:16:6F:04:23,-70,Box8
437,881303698,54:4A:16:6F:05:05,-83,Box8
419,881303868,54:4A:16:6F:01:DA,-49,Box8
492,881304231,54:4A:16:6F:01:CE,-67,Box8
444,881304390,54:4A:16:6F:04:23,-69,Box8
437,881304595,54:4A:16:6F:05:05,-83,Box8
419,881308673,54:4A:16:6F:01:DA,-49,Box8
492,881308877,54:4A:16:6F:01:CE,-59,Box8
437,881309155,54:4A:16:6F:05:05,-74,Box8
419,881309207,54:4A:16:6F:01:DA,-49,Box8
492,881309414,54:4A:16:6F:01:CE,-59,Box8
437,881309538,54:4A:16:6F:05:05,-75,Box8
419,881309584,54:4A:16:6F:01:DA,-47,Box8
492,881309608,54:4A:16:6F:01:CE,-68,Box8
444,881309655,54:4A:16:6F:04:23,-72,Box8
437,881309793,54:4A:16:6F:05:05,-74,Box8
419,881309941,54:4A:16:6F:01:DA,-47,Box8
444,881310272,54:4A:16:6F:04:23,-72,Box8
419,881310487,54:4A:16:6F:01:DA,-47,Box8
492,881310631,54:4A:16:6F:01:CE,-67,Box8
444,881310842,54:4A:16:6F:04:23,-69,Box8
419,881310949,54:4A:16:6F:01:DA,-49,Box8
492,881310973,54:4A:16:6F:01:CE,-67,Box8
444,881310998,54:4A:16:6F:04:23,-69,Box8
437,881311043,54:4A:16:6F:05:05,-75,Box8
444,881311065,54:4A:16:6F:04:23,-75,Box8
437,881311097,54:4A:16:6F:05:05,-76,Box8
419,881311141,54:4A:16:6F:01:DA,-47,Box8
492,881311401,54:4A:16:6F:01:CE,-55,Box8
444,881311569,54:4A:16:6F:04:23,-67,Box8
437,881311841,54:4A:16:6F:05:05,-74,Box8
419,881312009,54:4A:16:6F:01:DA,-47,Box8
492,881312292,54:4A:16:6F:01:CE,-68,Box8
444,881312466,54:4A:16:6F:04:23,-71,Box8
437,881312751,54:4A:16:6F:05:05,-84,Box8
419,881312919,54:4A:16:6F:01:DA,-46,Box8
492,881313254,54:4A:16:6F:01:CE,-76,Box8
444,881313360,54:4A:16:6F:04:23,-70,Box8
437,881313653,54:4A:16:6F:05:05,-81,Box8
419,881313823,54:4A:16:6F:01:DA,-46,Box8
437,881314555,54:4A:16:6F:05:05,-78,Box8
419,881314731,54:4A:16:6F:01:DA,-47,Box8
492,881314997,54:4A:16:6F:01:CE,-60,Box8
444,881315175,54:4A:16:6F:04:23,-72,Box8
437,881315465,54:4A:16:6F:05:05,-78,Box8
419,881315632,54:4A:16:6F:01:DA,-44,Box8
492,881315894,54:4A:16:6F:01:CE,-69,Box8
444,881316080,54:4A:16:6F:04:23,-72,Box8
437,881316362,54:4A:16:6F:05:05,-81,Box8
419,881316527,54:4A:16:6F:01:DA,-44,Box8
492,881316815,54:4A:16:6F:01:CE,-64,Box8
444,881317002,54:4A:16:6F:04:23,-72,Box8
437,881317273,54:4A:16:6F:05:05,-76,Box8
419,881317444,54:4A:16:6F:01:DA,-44,Box8
437,881318174,54:4A:16:6F:05:05,-86,Box8
419,881318345,54:4A:16:6F:01:DA,-47,Box8
444,881318798,54:4A:16:6F:04:23,-76,Box8
437,881319082,54:4A:16:6F:05:05,-87,Box8
419,881319246,54:4A:16:6F:01:DA,-44,Box8
492,881319511,54:4A:16:6F:01:CE,-55,Box8
444,881319703,54:4A:16:6F:04:23,-75,Box8
437,881320004,54:4A:16:6F:05:05,-82,Box8
419,881320159,54:4A:16:6F:01:DA,-44,Box8
492,881320425,54:4A:16:6F:01:CE,-68,Box8
444,881320610,54:4A:16:6F:04:23,-71,Box8
437,881320898,54:4A:16:6F:05:05,-79,Box8
419,881321055,54:4A:16:6F:01:DA,-44,Box8
492,881321325,54:4A:16:6F:01:CE,-76,Box8
444,881321510,54:4A:16:6F:04:23,-68,Box8
437,881321805,54:4A:16:6F:05:05,-76,Box8
419,881321959,54:4A:16:6F:01:DA,-44,Box8
444,881322412,54:4A:16:6F:04:23,-68,Box8
437,881322708,54:4A:16:6F:05:05,-77,Box8
419,881322877,54:4A:16:6F:01:DA,-44,Box8
492,881323232,54:4A:16:6F:01:CE,-55,Box8
444,881323307,54:4A:16:6F:04:23,-75,Box8
492,881324041,54:4A:16:6F:01:CE,-69,Box8
437,881324515,54:4A:16:6F:05:05,-81,Box8
492,881324950,54:4A:16:6F:01:CE,-69,Box8
437,881325421,54:4A:16:6F:05:05,-76,Box8
419,881325590,54:4A:16:6F:01:DA,-44,Box8
492,881326062,54:4A:16:6F:01:CE,-76,Box8
444,881326267,54:4A:16:6F:04:23,-71,Box8
437,881326379,54:4A:16:6F:05:05,-76,Box8
419,881326480,54:4A:16:6F:01:DA,-44,Box8
492,881326745,54:4A:16:6F:01:CE,-76,Box8
444,881327075,54:4A:16:6F:04:23,-68,Box8
437,881327337,54:4A:16:6F:05:05,-80,Box8
419,881327395,54:4A:16:6F:01:DA,-40,Box8
444,881327837,54:4A:16:6F:04:23,-75,Box8
419,881328295,54:4A:16:6F:01:DA,-47,Box8
492,881328559,54:4A:16:6F:01:CE,-59,Box8
437,881329036,54:4A:16:6F:05:05,-76,Box8
419,881329659,54:4A:16:6F:01:DA,-44,Box8
492,881329801,54:4A:16:6F:01:CE,-69,Box8
444,881332455,54:4A:16:6F:04:23,-67,Box8
492,881333100,54:4A:16:6F:01:CE,-69,Box8
492,881339427,54:4A:16:6F:01:CE,-77,Box8
419,881352753,54:4A:16:6F:01:DA,-40,Box8
492,881353120,54:4A:16:6F:01:CE,-68,Box8
444,881353209,54:4A:16:6F:04:23,-74,Box8
492,881353281,54:4A:16:6F:01:CE,-75,Box8
444,881353348,54:4A:16:6F:04:23,-74,Box8
437,881353424,54:4A:16:6F:05:05,-78,Box8
492,881353461,54:4A:16:6F:01:CE,-75,Box8
437,881353581,54:4A:16:6F:05:05,-74,Box8
419,881353619,54:4A:16:6F:01:DA,-44,Box8
444,881353701,54:4A:16:6F:04:23,-71,Box8
437,881353774,54:4A:16:6F:05:05,-74,Box8
419,881353812,54:4A:16:6F:01:DA,-44,Box8
437,881354111,54:4A:16:6F:05:05,-76,Box8
419,881354204,54:4A:16:6F:01:DA,-44,Box8
492,881354285,54:4A:16:6F:01:CE,-59,Box8
437,881354439,54:4A:16:6F:05:05,-75,Box8
437,881354782,54:4A:16:6F:05:05,-76,Box8
419,881354934,54:4A:16:6F:01:DA,-46,Box8
492,881355221,54:4A:16:6F:01:CE,-75,Box8
444,881355266,54:4A:16:6F:04:23,-73,Box8
419,881355382,54:4A:16:6F:01:DA,-46,Box8
437,881355468,54:4A:16:6F:05:05,-73,Box8
419,881355504,54:4A:16:6F:01:DA,-44,Box8
444,881355568,54:4A:16:6F:04:23,-71,Box8
437,881355603,54:4A:16:6F:05:05,-75,Box8
419,881355639,54:4A:16:6F:01:DA,-44,Box8
492,881355713,54:4A:16:6F:01:CE,-70,Box8
444,881355748,54:4A:16:6F:04:23,-66,Box8
437,881355788,54:4A:16:6F:05:05,-74,Box8
419,881355825,54:4A:16:6F:01:DA,-44,Box8
492,881355897,54:4A:16:6F:01:CE,-72,Box8
444,881356008,54:4A:16:6F:04:23,-66,Box8
437,881356067,54:4A:16:6F:05:05,-78,Box8
492,881356116,54:4A:16:6F:01:CE,-73,Box8
444,881356204,54:4A:16:6F:04:23,-73,Box8
437,881356262,54:4A:16:6F:05:05,-74,Box8
419,881356311,54:4A:16:6F:01:DA,-46,Box8
437,881356815,54:4A:16:6F:05:05,-70,Box8
419,881356866,54:4A:16:6F:01:DA,-44,Box8
492,881356948,54:4A:16:6F:01:CE,-79,Box8
437,881357162,54:4A:16:6F:05:05,-75,Box8
492,881357264,54:4A:16:6F:01:CE,-55,Box8
437,881357397,54:4A:16:6F:05:05,-76,Box8
419,881357460,54:4A:16:6F:01:DA,-44,Box8
492,881357521,54:4A:16:6F:01:CE,-59,Box8
444,881357708,54:4A:16:6F:04:23,-71,Box8
437,881357957,54:4A:16:6F:05:05,-76,Box8
492,881358423,54:4A:16:6F:01:CE,-69,Box8
444,881358610,54:4A:16:6F:04:23,-71,Box8
437,881358865,54:4A:16:6F:05:05,-73,Box8
419,881359082,54:4A:16:6F:01:DA,-46,Box8
492,881359365,54:4A:16:6F:01:CE,-69,Box8
437,881359767,54:4A:16:6F:05:05,-76,Box8
419,881359995,54:4A:16:6F:01:DA,-46,Box8
492,881360307,54:4A:16:6F:01:CE,-73,Box8
444,881360417,54:4A:16:6F:04:23,-71,Box8
419,881360896,54:4A:16:6F:01:DA,-44,Box8
492,881361134,54:4A:16:6F:01:CE,-59,Box8
444,881361326,54:4A:16:6F:04:23,-66,Box8
437,881361577,54:4A:16:6F:05:05,-75,Box8
419,881361794,54:4A:16:6F:01:DA,-44,Box8
492,881362077,54:4A:16:6F:01:CE,-59,Box8
444,881362232,54:4A:16:6F:04:23,-72,Box8
437,881362479,54:4A:16:6F:05:05,-75,Box8
492,881362948,54:4A:16:6F:01:CE,-69,Box8
444,881363167,54:4A:16:6F:04:23,-70,Box8
437,881363387,54:4A:16:6F:05:05,-74,Box8
419,881363601,54:4A:16:6F:01:DA,-47,Box8
492,881363845,54:4A:16:6F:01:CE,-74,Box8
444,881372313,54:4A:16:6F:04:23,-66,Box8
437,881372365,54:4A:16:6F:05:05,-73,Box8
419,881372388,54:4A:16:6F:01:DA,-44,Box8
492,881372419,54:4A:16:6F:01:CE,-74,Box8
444,881372586,54:4A:16:6F:04:23,-66,Box8
437,881372646,54:4A:16:6F:05:05,-76,Box8
419,881372690,54:4A:16:6F:01:DA,-44,Box8
492,881372736,54:4A:16:6F:01:CE,-59,Box8
437,881372782,54:4A:16:6F:05:05,-77,Box8
419,881372809,54:4A:16:6F:01:DA,-44,Box8
492,881372872,54:4A:16:6F:01:CE,-69,Box8
444,881373004,54:4A:16:6F:04:23,-71,Box8
437,881373121,54:4A:16:6F:05:05,-75,Box8
419,881373164,54:4A:16:6F:01:DA,-46,Box8
492,881373220,54:4A:16:6F:01:CE,-69,Box8
444,881373283,54:4A:16:6F:04:23,-66,Box8
437,881373345,54:4A:16:6F:05:05,-75,Box8
419,881373485,54:4A:16:6F:01:DA,-44,Box8
492,881373560,54:4A:16:6F:01:CE,-74,Box8
444,881373604,54:4A:16:6F:04:23,-65,Box8
419,881373761,54:4A:16:6F:01:DA,-40,Box8
492,881373829,54:4A:16:6F:01:CE,-59,Box8
444,881373874,54:4A:16:6F:04:23,-70,Box8
437,881373980,54:4A:16:6F:05:05,-73,Box8
419,881374137,54:4A:16:6F:01:DA,-44,Box8
437,881374264,54:4A:16:6F:05:05,-75,Box8
419,881374321,54:4A:16:6F:01:DA,-44,Box8
492,881374427,54:4A:16:6F:01:CE,-59,Box8
444,881374478,54:4A:16:6F:04:23,-71,Box8
419,881374578,54:4A:16:6F:01:DA,-46,Box8
492,881374698,54:4A:16:6F:01:CE,-71,Box8
444,881374741,54:4A:16:6F:04:23,-65,Box8
437,881374788,54:4A:16:6F:05:05,-74,Box8
419,881374832,54:4A:16:6F:01:DA,-46,Box8
492,881374882,54:4A:16:6F:01:CE,-73,Box8
444,881375424,54:4A:16:6F:04:23,-65,Box8
437,881375473,54:4A:16:6F:05:05,-74,Box8
419,881375514,54:4A:16:6F:01:DA,-44,Box8
444,881375598,54:4A:16:6F:04:23,-66,Box8
437,881375672,54:4A:16:6F:05:05,-72,Box8
492,881375735,54:4A:16:6F:01:CE,-60,Box8
444,881375779,54:4A:16:6F:04:23,-70,Box8
437,881375850,54:4A:16:6F:05:05,-73,Box8
444,881375930,54:4A:16:6F:04:23,-71,Box8
437,881376066,54:4A:16:6F:05:05,-75,Box8
419,881376261,54:4A:16:6F:01:DA,-45,Box8
492,881376509,54:4A:16:6F:01:CE,-70,Box8
444,881376697,54:4A:16:6F:04:23,-71,Box8
437,881376979,54:4A:16:6F:05:05,-75,Box8
419,881377290,54:4A:16:6F:01:DA,-47,Box8
444,881377606,54:4A:16:6F:04:23,-71,Box8
437,881377883,54:4A:16:6F:05:05,-74,Box8
419,881378852,54:4A:16:6F:01:DA,-47,Box8
444,881378996,54:4A:16:6F:04:23,-71,Box8
437,881379045,54:4A:16:6F:05:05,-70,Box8
492,881379226,54:4A:16:6F:01:CE,-60,Box8
444,881379417,54:4A:16:6F:04:23,-66,Box8
419,881379885,54:4A:16:6F:01:DA,-44,Box8
492,881380136,54:4A:16:6F:01:CE,-73,Box8
444,881380322,54:4A:16:6F:04:23,-71,Box8
437,881380660,54:4A:16:6F:05:05,-75,Box8
492,881381306,54:4A:16:6F:01:CE,-73,Box8
419,881381687,54:4A:16:6F:01:DA,-44,Box8
437,881381930,54:4A:16:6F:05:05,-75,Box8
492,881382840,54:4A:16:6F:01:CE,-70,Box8
444,881383036,54:4A:16:6F:04:23,-70,Box8
437,881383261,54:4A:16:6F:05:05,-80,Box8
419,881383493,54:4A:16:6F:01:DA,-48,Box8
492,881383740,54:4A:16:6F:01:CE,-74,Box8
419,881384404,54:4A:16:6F:01:DA,-46,Box8
437,881384520,54:4A:16:6F:05:05,-76,Box8
492,881384644,54:4A:16:6F:01:CE,-58,Box8
444,881384845,54:4A:16:6F:04:23,-74,Box8
419,881385353,54:4A:16:6F:01:DA,-48,Box8
492,881385552,54:4A:16:6F:01:CE,-66,Box8
444,881385748,54:4A:16:6F:04:23,-72,Box8
437,881385842,54:4A:16:6F:05:05,-75,Box8
419,881386203,54:4A:16:6F:01:DA,-47,Box8
492,881386443,54:4A:16:6F:01:CE,-70,Box8
444,881386654,54:4A:16:6F:04:23,-68,Box8
419,881387107,54:4A:16:6F:01:DA,-49,Box8
492,881387344,54:4A:16:6F:01:CE,-58,Box8
444,881387558,54:4A:16:6F:04:23,-74,Box8
419,881388016,54:4A:16:6F:01:DA,-46,Box8
492,881388244,54:4A:16:6F:01:CE,-84,Box8
437,881388394,54:4A:16:6F:05:05,-76,Box8
444,881388457,54:4A:16:6F:04:23,-73,Box8
419,881388916,54:4A:16:6F:01:DA,-47,Box8
492,881389161,54:4A:16:6F:01:CE,-70,Box8
492,881390054,54:4A:16:6F:01:CE,-60,Box8
444,881390279,54:4A:16:6F:04:23,-67,Box8
437,881390709,54:4A:16:6F:05:05,-74,Box8
419,881390763,54:4A:16:6F:01:DA,-49,Box8
492,881390957,54:4A:16:6F:01:CE,-69,Box8
444,881391185,54:4A:16:6F:04:23,-82,Box8
437,881391623,54:4A:16:6F:05:05,-75,Box8
492,881391860,54:4A:16:6F:01:CE,-67,Box8
437,881392518,54:4A:16:6F:05:05,-76,Box8
419,881392549,54:4A:16:6F:01:DA,-46,Box8
419,881394375,54:4A:16:6F:01:DA,-48,Box8
444,881400763,54:4A:16:6F:04:23,-74,Box8
419,881400914,54:4A:16:6F:01:DA,-44,Box8
492,881404564,54:4A:16:6F:01:CE,-69,Box8
437,881406076,54:4A:16:6F:05:05,-74,Box8
444,881406575,54:4A:16:6F:04:23,-78,Box8
419,881407024,54:4A:16:6F:01:DA,-45,Box8
492,881407273,54:4A:16:6F:01:CE,-59,Box8
437,881407873,54:4A:16:6F:05:05,-82,Box8
419,881407926,54:4A:16:6F:01:DA,-44,Box8
444,881408393,54:4A:16:6F:04:23,-72,Box8
419,881408842,54:4A:16:6F:01:DA,-44,Box8
437,881414227,54:4A:16:6F:05:05,-75,Box8
419,881417032,54:4A:16:6F:01:DA,-44,Box8
444,881420178,54:4A:16:6F:04:23,-83,Box8
444,881421977,54:4A:16:6F:04:23,-75,Box9
437,881422355,54:4A:16:6F:05:05,-75,Box9
419,881422424,54:4A:16:6F:01:DA,-48,Box9
492,881422618,54:4A:16:6F:01:CE,-61,Box9
444,881422873,54:4A:16:6F:04:23,-72,Box9
437,881423247,54:4A:16:6F:05:05,-55,Box9
419,881423324,54:4A:16:6F:01:DA,-66,Box9
492,881423511,54:4A:16:6F:01:CE,-77,Box9
419,881424245,54:4A:16:6F:01:DA,-57,Box9
492,881424448,54:4A:16:6F:01:CE,-72,Box9
444,881424693,54:4A:16:6F:04:23,-53,Box9
437,881425064,54:4A:16:6F:05:05,-49,Box9
419,881425149,54:4A:16:6F:01:DA,-56,Box9
492,881425327,54:4A:16:6F:01:CE,-78,Box9
444,881425670,54:4A:16:6F:04:23,-54,Box9
437,881425972,54:4A:16:6F:05:05,-48,Box9
419,881426044,54:4A:16:6F:01:DA,-59,Box9
492,881426323,54:4A:16:6F:01:CE,-75,Box9
437,881431086,54:4A:16:6F:05:05,-47,Box9
492,881431232,54:4A:16:6F:01:CE,-74,Box9
444,881431252,54:4A:16:6F:04:23,-51,Box9
437,881431311,54:4A:16:6F:05:05,-47,Box9
419,881431389,54:4A:16:6F:01:DA,-62,Box9
492,881431439,54:4A:16:6F:01:CE,-74,Box9
444,881431494,54:4A:16:6F:04:23,-49,Box9
437,881431595,54:4A:16:6F:05:05,-47,Box9
492,881431821,54:4A:16:6F:01:CE,-75,Box9
444,881431969,54:4A:16:6F:04:23,-53,Box9
437,881431969,54:4A:16:6F:05:05,-47,Box9
419,881431969,54:4A:16:6F:01:DA,-61,Box9
492,881431969,54:4A:16:6F:01:CE,-75,Box9
444,881431969,54:4A:16:6F:04:23,-49,Box9
419,881431969,54:4A:16:6F:01:DA,-64,Box9
492,881433023,54:4A:16:6F:01:CE,-75,Box9
444,881433064,54:4A:16:6F:04:23,-51,Box9
437,881433641,54:4A:16:6F:05:05,-49,Box9
492,881437106,54:4A:16:6F:01:CE,-75,Box9
444,881439208,54:4A:16:6F:04:23,-54,Box9
437,881439546,54:4A:16:6F:05:05,-48,Box9
419,881442358,54:4A:16:6F:01:DA,-56,Box9
437,881444063,54:4A:16:6F:05:05,-47,Box9
492,881444317,54:4A:16:6F:01:CE,-76,Box9
437,881444967,54:4A:16:6F:05:05,-47,Box9
419,881445041,54:4A:16:6F:01:DA,-60,Box9
492,881445233,54:4A:16:6F:01:CE,-75,Box9
444,881445514,54:4A:16:6F:04:23,-51,Box9
419,881445952,54:4A:16:6F:01:DA,-57,Box9
492,881446136,54:4A:16:6F:01:CE,-75,Box9
444,881446419,54:4A:16:6F:04:23,-50,Box9
419,881446878,54:4A:16:6F:01:DA,-61,Box9
492,881447090,54:4A:16:6F:01:CE,-77,Box9
444,881447322,54:4A:16:6F:04:23,-54,Box9
437,881447675,54:4A:16:6F:05:05,-48,Box9
419,881447753,54:4A:16:6F:01:DA,-62,Box9
492,881447939,54:4A:16:6F:01:CE,-73,Box9
444,881448221,54:4A:16:6F:04:23,-54,Box9
419,881448690,54:4A:16:6F:01:DA,-58,Box9
492,881448849,54:4A:16:6F:01:CE,-76,Box9
444,881449138,54:4A:16:6F:04:23,-53,Box9
437,881449545,54:4A:16:6F:05:05,-47,Box9
419,881449590,54:4A:16:6F:01:DA,-65,Box9
444,881450035,54:4A:16:6F:04:23,-54,Box9
437,881450392,54:4A:16:6F:05:05,-49,Box9
419,881450490,54:4A:16:6F:01:DA,-64,Box9
492,881450668,54:4A:16:6F:01:CE,-78,Box9
492,881453454,54:4A:16:6F:01:CE,-76,Box9
444,881455533,54:4A:16:6F:04:23,-51,Box9
492,881464992,54:4A:16:6F:01:CE,-78,Box9
444,881465117,54:4A:16:6F:04:23,-53,Box9
437,881465352,54:4A:16:6F:05:05,-48,Box9
437,881466360,54:4A:16:6F:05:05,-48,Box9
419,881466488,54:4A:16:6F:01:DA,-61,Box9
444,881466824,54:4A:16:6F:04:23,-53,Box9
492,881467285,54:4A:16:6F:01:CE,-76,Box9
419,881467813,54:4A:16:6F:01:DA,-62,Box9
492,881473743,54:4A:16:6F:01:CE,-80,Box9
437,881475791,54:4A:16:6F:05:05,-47,Box9
492,881477885,54:4A:16:6F:01:CE,-79,Box9
444,881478135,54:4A:16:6F:04:23,-51,Box9
437,881478444,54:4A:16:6F:05:05,-47,Box9
419,881478640,54:4A:16:6F:01:DA,-64,Box9
492,881478705,54:4A:16:6F:01:CE,-75,Box9
444,881479896,54:4A:16:6F:04:23,-50,Box9
437,881480317,54:4A:16:6F:05:05,-48,Box9
444,881480796,54:4A:16:6F:04:23,-46,Box9
437,881481315,54:4A:16:6F:05:05,-48,Box9
419,881481551,54:4A:16:6F:01:DA,-64,Box9
492,881481689,54:4A:16:6F:01:CE,-82,Box9
444,881481755,54:4A:16:6F:04:23,-53,Box9
437,881482118,54:4A:16:6F:05:05,-48,Box9
419,881482171,54:4A:16:6F:01:DA,-66,Box9
492,881482332,54:4A:16:6F:01:CE,-70,Box9
437,881482956,54:4A:16:6F:05:05,-47,Box9
419,881483169,54:4A:16:6F:01:DA,-61,Box9
492,881483284,54:4A:16:6F:01:CE,-74,Box9
444,881483510,54:4A:16:6F:04:23,-51,Box9
437,881483860,54:4A:16:6F:05:05,-49,Box9
492,881484139,54:4A:16:6F:01:CE,-75,Box9
444,881484483,54:4A:16:6F:04:23,-46,Box9
419,881484853,54:4A:16:6F:01:DA,-63,Box9
492,881492449,54:4A:16:6F:01:CE,-77,Box9
444,881492659,54:4A:16:6F:04:23,-53,Box9
492,881495902,54:4A:16:6F:01:CE,-76,Box9
444,881498018,54:4A:16:6F:04:23,-50,Box9
492,881498598,54:4A:16:6F:01:CE,-76,Box9
444,881498903,54:4A:16:6F:04:23,-54,Box9
437,881499286,54:4A:16:6F:05:05,-47,Box9
419,881499411,54:4A:16:6F:01:DA,-67,Box9
492,881499574,54:4A:16:6F:01:CE,-75,Box9
444,881499821,54:4A:16:6F:04:23,-51,Box9
419,881502079,54:4A:16:6F:01:DA,-63,Box9
437,881505634,54:4A:16:6F:05:05,-48,Box9
492,881507690,54:4A:16:6F:01:CE,-75,Box9
444,881509799,54:4A:16:6F:04:23,-50,Box9
437,881512827,54:4A:16:6F:05:05,-48,Box9
419,881512995,54:4A:16:6F:01:DA,-60,Box9
492,881513232,54:4A:16:6F:01:CE,-76,Box9
444,881513448,54:4A:16:6F:04:23,-49,Box9
419,881513902,54:4A:16:6F:01:DA,-64,Box9
492,881514168,54:4A:16:6F:01:CE,-76,Box9
492,881523376,54:4A:16:6F:01:CE,-78,Box9
437,881524605,54:4A:16:6F:05:05,-45,Box9
444,881526944,54:4A:16:6F:04:23,-57,Box6
437,881527302,54:4A:16:6F:05:05,-68,Box6
419,881527412,54:4A:16:6F:01:DA,-70,Box6
492,881527591,54:4A:16:6F:01:CE,-68,Box6
444,881527852,54:4A:16:6F:04:23,-73,Box6
437,881528205,54:4A:16:6F:05:05,-74,Box6
492,881528484,54:4A:16:6F:01:CE,-58,Box6
444,881528752,54:4A:16:6F:04:23,-73,Box6
437,881529105,54:4A:16:6F:05:05,-72,Box6
419,881529223,54:4A:16:6F:01:DA,-60,Box6
492,881529393,54:4A:16:6F:01:CE,-60,Box6
444,881529666,54:4A:16:6F:04:23,-66,Box6
437,881530039,54:4A:16:6F:05:05,-72,Box6
419,881530126,54:4A:16:6F:01:DA,-58,Box6
492,881530295,54:4A:16:6F:01:CE,-60,Box6
444,881530571,54:4A:16:6F:04:23,-84,Box6
419,881531034,54:4A:16:6F:01:DA,-62,Box6
492,881531199,54:4A:16:6F:01:CE,-62,Box6
444,881531489,54:4A:16:6F:04:23,-78,Box6
437,881531826,54:4A:16:6F:05:05,-69,Box6
444,881532384,54:4A:16:6F:04:23,-83,Box6
437,881532727,54:4A:16:6F:05:05,-73,Box6
419,881532839,54:4A:16:6F:01:DA,-65,Box6
492,881533327,54:4A:16:6F:01:CE,-62,Box6
437,881533634,54:4A:16:6F:05:05,-71,Box6
419,881533746,54:4A:16:6F:01:DA,-63,Box6
492,881533930,54:4A:16:6F:01:CE,-66,Box6
444,881534187,54:4A:16:6F:04:23,-75,Box6
437,881534545,54:4A:16:6F:05:05,-70,Box6
419,881534649,54:4A:16:6F:01:DA,-66,Box6
444,881536060,54:4A:16:6F:04:23,-65,Box6
437,881536382,54:4A:16:6F:05:05,-72,Box6
492,881538477,54:4A:16:6F:01:CE,-62,Box6
419,881543761,54:4A:16:6F:01:DA,-62,Box6
492,881544771,54:4A:16:6F:01:CE,-60,Box6
444,881546873,54:4A:16:6F:04:23,-64,Box6
419,881553526,54:4A:16:6F:01:DA,-65,Box6
444,881554014,54:4A:16:6F:04:23,-76,Box6
437,881559879,54:4A:16:6F:05:05,-72,Box6
419,881560930,54:4A:16:6F:01:DA,-66,Box6
492,881561111,54:4A:16:6F:01:CE,-65,Box6
444,881561346,54:4A:16:6F:04:23,-71,Box6
437,881561675,54:4A:16:6F:05:05,-71,Box6
419,881561816,54:4A:16:6F:01:DA,-63,Box6
492,881561966,54:4A:16:6F:01:CE,-63,Box6
419,881562836,54:4A:16:6F:01:DA,-63,Box6
492,881563081,54:4A:16:6F:01:CE,-63,Box6
444,881563787,54:4A:16:6F:04:23,-71,Box6
437,881563813,54:4A:16:6F:05:05,-72,Box6
492,881563889,54:4A:16:6F:01:CE,-65,Box6
444,881571382,54:4A:16:6F:04:23,-67,Box6
437,881577135,54:4A:16:6F:05:05,-69,Box6
444,881577631,54:4A:16:6F:04:23,-70,Box6
437,881578093,54:4A:16:6F:05:05,-69,Box6
419,881578170,54:4A:16:6F:01:DA,-63,Box6
492,881578251,54:4A:16:6F:01:CE,-66,Box6
444,881578545,54:4A:16:6F:04:23,-71,Box6
437,881578905,54:4A:16:6F:05:05,-69,Box6
492,881579286,54:4A:16:6F:01:CE,-63,Box6
444,881580241,54:4A:16:6F:04:23,-74,Box6
419,881588772,54:4A:16:6F:01:DA,-63,Box6
492,881588857,54:4A:16:6F:01:CE,-63,Box6
437,881588912,54:4A:16:6F:05:05,-69,Box6
492,881588941,54:4A:16:6F:01:CE,-60,Box6
444,881589079,54:4A:16:6F:04:23,-72,Box6
437,881589107,54:4A:16:6F:05:05,-69,Box6
419,881589136,54:4A:16:6F:01:DA,-66,Box6
444,881589188,54:4A:16:6F:04:23,-65,Box6
437,881589252,54:4A:16:6F:05:05,-69,Box6
492,881589312,54:4A:16:6F:01:CE,-65,Box6
444,881589391,54:4A:16:6F:04:23,-65,Box6
437,881589453,54:4A:16:6F:05:05,-71,Box6
419,881589512,54:4A:16:6F:01:DA,-63,Box6
492,881589573,54:4A:16:6F:01:CE,-62,Box6
444,881589636,54:4A:16:6F:04:23,-75,Box6
492,881590209,54:4A:16:6F:01:CE,-62,Box6
437,881590257,54:4A:16:6F:05:05,-72,Box6
419,881590286,54:4A:16:6F:01:DA,-63,Box6
492,881590332,54:4A:16:6F:01:CE,-61,Box6
444,881590399,54:4A:16:6F:04:23,-72,Box6
437,881590563,54:4A:16:6F:05:05,-72,Box6
419,881590643,54:4A:16:6F:01:DA,-65,Box6
492,881590718,54:4A:16:6F:01:CE,-65,Box6
437,881590839,54:4A:16:6F:05:05,-72,Box6
419,881590912,54:4A:16:6F:01:DA,-63,Box6
444,881591073,54:4A:16:6F:04:23,-65,Box6
492,881591309,54:4A:16:6F:01:CE,-60,Box6
444,881591383,54:4A:16:6F:04:23,-75,Box6
419,881591487,54:4A:16:6F:01:DA,-63,Box6
492,881591596,54:4A:16:6F:01:CE,-63,Box6
444,881593756,54:4A:16:6F:04:23,-71,Box6
437,881598236,54:4A:16:6F:05:05,-70,Box6
444,881599363,54:4A:16:6F:04:23,-66,Box6
492,881601806,54:4A:16:6F:01:CE,-61,Box6
444,881602072,54:4A:16:6F:04:23,-67,Box6
419,881602538,54:4A:16:6F:01:DA,-56,Box6
492,881602682,54:4A:16:6F:01:CE,-61,Box6
444,881602972,54:4A:16:6F:04:23,-78,Box6
437,881603475,54:4A:16:6F:05:05,-75,Box6
492,881603578,54:4A:16:6F:01:CE,-58,Box6
444,881603872,54:4A:16:6F:04:23,-80,Box6
437,881604269,54:4A:16:6F:05:05,-75,Box6
419,881604355,54:4A:16:6F:01:DA,-58,Box6
492,881604502,54:4A:16:6F:01:CE,-61,Box6
437,881605177,54:4A:16:6F:05:05,-68,Box6
419,881605434,54:4A:16:6F:01:DA,-58,Box6
492,881605469,54:4A:16:6F:01:CE,-61,Box6
444,881605688,54:4A:16:6F:04:23,-74,Box6
437,881606155,54:4A:16:6F:05:05,-69,Box6
444,881606595,54:4A:16:6F:04:23,-74,Box6
419,881608311,54:4A:16:6F:01:DA,-61,Box6
492,881619880,54:4A:16:6F:01:CE,-60,Box6
444,881620149,54:4A:16:6F:04:23,-74,Box6
419,881620663,54:4A:16:6F:01:DA,-60,Box6
492,881620769,54:4A:16:6F:01:CE,-60,Box6
437,881621507,54:4A:16:6F:05:05,-77,Box6
419,881621568,54:4A:16:6F:01:DA,-58,Box6
492,881621695,54:4A:16:6F:01:CE,-67,Box6
444,881621979,54:4A:16:6F:04:23,-72,Box6
437,881622384,54:4A:16:6F:05:05,-76,Box6
419,881622481,54:4A:16:6F:01:DA,-59,Box6
492,881622586,54:4A:16:6F:01:CE,-63,Box6
444,881622879,54:4A:16:6F:04:23,-69,Box6
437,881623270,54:4A:16:6F:05:05,-69,Box6
419,881623369,54:4A:16:6F:01:DA,-62,Box6
492,881623485,54:4A:16:6F:01:CE,-63,Box6
437,881624184,54:4A:16:6F:05:05,-69,Box6
492,881624401,54:4A:16:6F:01:CE,-63,Box6
444,881624688,54:4A:16:6F:04:23,-74,Box6
419,881625181,54:4A:16:6F:01:DA,-59,Box6
492,881625294,54:4A:16:6F:01:CE,-67,Box6
444,881625597,54:4A:16:6F:04:23,-73,Box6
437,881625998,54:4A:16:6F:05:05,-76,Box6
419,881626077,54:4A:16:6F:01:DA,-59,Box6
492,881626200,54:4A:16:6F:01:CE,-65,Box6
444,881626532,54:4A:16:6F:04:23,-75,Box7
437,881626926,54:4A:16:6F:05:05,-84,Box7
419,881627041,54:4A:16:6F:01:DA,-58,Box7
444,881631975,54:4A:16:6F:04:23,-57,Box7
444,881640060,54:4A:16:6F:04:23,-60,Box7
437,881640473,54:4A:16:6F:05:05,-60,Box7
419,881640561,54:4A:16:6F:01:DA,-72,Box7
492,881640682,54:4A:16:6F:01:CE,-75,Box7
444,881644930,54:4A:16:6F:04:23,-57,Box7
437,881644968,54:4A:16:6F:05:05,-61,Box7
419,881644987,54:4A:16:6F:01:DA,-67,Box7
492,881645014,54:4A:16:6F:01:CE,-76,Box7
444,881645050,54:4A:16:6F:04:23,-57,Box7
437,881645111,54:4A:16:6F:05:05,-57,Box7
492,881645139,54:4A:16:6F:01:CE,-75,Box7
444,881645232,54:4A:16:6F:04:23,-56,Box7
437,881645311,54:4A:16:6F:05:05,-60,Box7
492,881645368,54:4A:16:6F:01:CE,-68,Box7
444,881645429,54:4A:16:6F:04:23,-61,Box7
437,881645478,54:4A:16:6F:05:05,-59,Box7
419,881645510,54:4A:16:6F:01:DA,-70,Box7
492,881645537,54:4A:16:6F:01:CE,-68,Box7
444,881645598,54:4A:16:6F:04:23,-60,Box7
444,881649146,54:4A:16:6F:04:23,-61,Box7
437,881654054,54:4A:16:6F:05:05,-60,Box7
444,881655450,54:4A:16:6F:04:23,-57,Box7
492,881657890,54:4A:16:6F:01:CE,-69,Box7
444,881658255,54:4A:16:6F:04:23,-57,Box7
437,881658564,54:4A:16:6F:05:05,-59,Box7
419,881658652,54:4A:16:6F:01:DA,-72,Box7
492,881658787,54:4A:16:6F:01:CE,-69,Box7
444,881659054,54:4A:16:6F:04:23,-56,Box7
437,881659461,54:4A:16:6F:05:05,-61,Box7
492,881659688,54:4A:16:6F:01:CE,-70,Box7
492,881662430,54:4A:16:6F:01:CE,-69,Box7
419,881672196,54:4A:16:6F:01:DA,-70,Box7
437,881672317,54:4A:16:6F:05:05,-59,Box7
444,881672418,54:4A:16:6F:04:23,-59,Box7
419,881672517,54:4A:16:6F:01:DA,-69,Box7
437,881673450,54:4A:16:6F:05:05,-57,Box7
419,881673541,54:4A:16:6F:01:DA,-80,Box7
492,881673659,54:4A:16:6F:01:CE,-69,Box7
437,881674279,54:4A:16:6F:05:05,-61,Box7
419,881674446,54:4A:16:6F:01:DA,-69,Box7
419,881676798,54:4A:16:6F:01:DA,-68,Box7
444,881681724,54:4A:16:6F:04:23,-58,Box7
437,881687504,54:4A:16:6F:05:05,-59,Box7
419,881687646,54:4A:16:6F:01:DA,-68,Box7
492,881688668,54:4A:16:6F:01:CE,-76,Box7
444,881698086,54:4A:16:6F:04:23,-55,Box7
492,881699502,54:4A:16:6F:01:CE,-77,Box7
444,881706095,54:4A:16:6F:04:23,-57,Box7
419,881706642,54:4A:16:6F:01:DA,-69,Box7
492,881706750,54:4A:16:6F:01:CE,-85,Box7
437,881707409,54:4A:16:6F:05:05,-61,Box7
419,881707544,54:4A:16:6F:01:DA,-70,Box7
492,881707654,54:4A:16:6F:01:CE,-82,Box7
444,881708826,54:4A:16:6F:04:23,-58,Box7
437,881711040,54:4A:16:6F:05:05,-60,Box7
419,881712086,54:4A:16:6F:01:DA,-70,Box7
444,881712485,54:4A:16:6F:04:23,-55,Box7
492,881714929,54:4A:16:6F:01:CE,-82,Box7
437,881717505,54:4A:16:6F:05:05,-60,Box7
419,881718414,54:4A:16:6F:01:DA,-68,Box7
444,881718773,54:4A:16:6F:04:23,-57,Box7
492,881721233,54:4A:16:6F:01:CE,-82,Box7
419,881722049,54:4A:16:6F:01:DA,-69,Box7
492,881722390,54:4A:16:6F:01:CE,-79,Box7
444,881722533,54:4A:16:6F:04:23,-57,Box7
437,881722787,54:4A:16:6F:05:05,-59,Box7
419,881736759,54:4A:16:6F:01:DA,-65,Box7
444,881737169,54:4A:16:6F:04:23,-57,Box7
437,881737718,54:4A:16:6F:05:05,-59,Box7
419,881737889,54:4A:16:6F:01:DA,-65,Box7
492,881738182,54:4A:16:6F:01:CE,-71,Box7
437,881739137,54:4A:16:6F:05:05,-60,Box7
492,881739250,54:4A:16:6F:01:CE,-71,Box7
437,881739621,54:4A:16:6F:05:05,-60,Box7
492,881739680,54:4A:16:6F:01:CE,-72,Box7
444,881739739,54:4A:16:6F:04:23,-55,Box7
437,881739840,54:4A:16:6F:05:05,-58,Box7
419,881739926,54:4A:16:6F:01:DA,-69,Box7
492,881740123,54:4A:16:6F:01:CE,-73,Box7
444,881740289,54:4A:16:6F:04:23,-59,Box7
437,881740408,54:4A:16:6F:05:05,-58,Box7
419,881740465,54:4A:16:6F:01:DA,-65,Box7
492,881740586,54:4A:16:6F:01:CE,-73,Box7
444,881740652,54:4A:16:6F:04:23,-58,Box7
437,881740890,54:4A:16:6F:05:05,-58,Box7
419,881741435,54:4A:16:6F:01:DA,-67,Box7
492,881741998,54:4A:16:6F:01:CE,-83,Box7
419,881744158,54:4A:16:6F:01:DA,-68,Box7
437,881747424,54:4A:16:6F:05:05,-57,Box7
437,881753572,54:4A:16:6F:05:05,-58,Box7
437,881760133,54:4A:16:6F:05:05,-60,Box7
419,881760164,54:4A:16:6F:01:DA,-73,Box7
492,881760191,54:4A:16:6F:01:CE,-78,Box7
444,881760220,54:4A:16:6F:04:23,-56,Box7
437,881760271,54:4A:16:6F:05:05,-62,Box7
419,881760414,54:4A:16:6F:01:DA,-80,Box7
492,881760437,54:4A:16:6F:01:CE,-75,Box7
444,881760464,54:4A:16:6F:04:23,-57,Box7
437,881760556,54:4A:16:6F:05:05,-58,Box7
419,881760578,54:4A:16:6F:01:DA,-69,Box7
492,881760599,54:4A:16:6F:01:CE,-73,Box7
444,881760649,54:4A:16:6F:04:23,-57,Box7
437,881760730,54:4A:16:6F:05:05,-59,Box7
492,881760812,54:4A:16:6F:01:CE,-88,Box7
444,881760842,54:4A:16:6F:04:23,-61,Box7
437,881760929,54:4A:16:6F:05:05,-58,Box7
419,881760955,54:4A:16:6F:01:DA,-81,Box7
444,881761097,54:4A:16:6F:04:23,-58,Box7
419,881761191,54:4A:16:6F:01:DA,-65,Box7
437,881764447,54:4A:16:6F:05:05,-59,Box7
437,881770770,54:4A:16:6F:05:05,-66,Box4
444,881772222,54:4A:16:6F:04:23,-87,Box4
492,881772815,54:4A:16:6F:01:CE,-63,Box4
444,881773381,54:4A:16:6F:04:23,-72,Box4
437,881773467,54:4A:16:6F:05:05,-73,Box4
492,881773727,54:4A:16:6F:01:CE,-85,Box4
444,881774014,54:4A:16:6F:04:23,-71,Box4
419,881774477,54:4A:16:6F:01:DA,-52,Box4
492,881774640,54:4A:16:6F:01:CE,-72,Box4
437,881775284,54:4A:16:6F:05:05,-74,Box4
419,881775367,54:4A:16:6F:01:DA,-53,Box4
492,881775526,54:4A:16:6F:01:CE,-62,Box4
444,881775802,54:4A:16:6F:04:23,-75,Box4
437,881776200,54:4A:16:6F:05:05,-67,Box4
492,881776425,54:4A:16:6F:01:CE,-56,Box4
444,881776725,54:4A:16:6F:04:23,-74,Box4
444,881777650,54:4A:16:6F:04:23,-68,Box4
419,881789852,54:4A:16:6F:01:DA,-52,Box4
492,881790014,54:4A:16:6F:01:CE,-55,Box4
444,881790283,54:4A:16:6F:04:23,-72,Box4
419,881790756,54:4A:16:6F:01:DA,-51,Box4
492,881790924,54:4A:16:6F:01:CE,-54,Box4
444,881791194,54:4A:16:6F:04:23,-67,Box4
437,881795957,54:4A:16:6F:05:05,-72,Box4
419,881795990,54:4A:16:6F:01:DA,-50,Box4
492,881796064,54:4A:16:6F:01:CE,-54,Box4
437,881796349,54:4A:16:6F:05:05,-73,Box4
419,881796395,54:4A:16:6F:01:DA,-49,Box4
444,881796679,54:4A:16:6F:04:23,-72,Box4
437,881796934,54:4A:16:6F:05:05,-73,Box4
419,881796979,54:4A:16:6F:01:DA,-51,Box4
492,881797109,54:4A:16:6F:01:CE,-63,Box4
444,881797252,54:4A:16:6F:04:23,-79,Box4
437,881798071,54:4A:16:6F:05:05,-70,Box4
419,881798100,54:4A:16:6F:01:DA,-50,Box4
492,881798132,54:4A:16:6F:01:CE,-55,Box4
437,881798285,54:4A:16:6F:05:05,-70,Box4
492,881798341,54:4A:16:6F:01:CE,-55,Box4
444,881798368,54:4A:16:6F:04:23,-67,Box4
437,881798530,54:4A:16:6F:05:05,-74,Box4
492,881798587,54:4A:16:6F:01:CE,-54,Box4
437,881798616,54:4A:16:6F:05:05,-70,Box4
419,881798644,54:4A:16:6F:01:DA,-52,Box4
444,881798689,54:4A:16:6F:04:23,-80,Box4
437,881798881,54:4A:16:6F:05:05,-73,Box4
419,881799008,54:4A:16:6F:01:DA,-51,Box4
492,881799062,54:4A:16:6F:01:CE,-64,Box4
437,881799754,54:4A:16:6F:05:05,-71,Box4
492,881799963,54:4A:16:6F:01:CE,-55,Box4
437,881800668,54:4A:16:6F:05:05,-69,Box4
492,881800876,54:4A:16:6F:01:CE,-54,Box4
444,881801156,54:4A:16:6F:04:23,-68,Box4
437,881801573,54:4A:16:6F:05:05,-74,Box4
419,881801632,54:4A:16:6F:01:DA,-52,Box4
492,881801786,54:4A:16:6F:01:CE,-53,Box4
444,881802040,54:4A:16:6F:04:23,-80,Box4
437,881802479,54:4A:16:6F:05:05,-74,Box4
492,881802692,54:4A:16:6F:01:CE,-63,Box4
444,881802956,54:4A:16:6F:04:23,-74,Box4
437,881803653,54:4A:16:6F:05:05,-72,Box4
419,881803704,54:4A:16:6F:01:DA,-51,Box4
444,881803843,54:4A:16:6F:04:23,-67,Box4
444,881804829,54:4A:16:6F:04:23,-67,Box4
437,881805190,54:4A:16:6F:05:05,-71,Box4
419,881805233,54:4A:16:6F:01:DA,-53,Box4
492,881805385,54:4A:16:6F:01:CE,-54,Box4
444,881805645,54:4A:16:6F:04:23,-77,Box4
419,881811575,54:4A:16:6F:01:DA,-49,Box4
444,881824286,54:4A:16:6F:04:23,-77,Box4
419,881824958,54:4A:16:6F:01:DA,-51,Box4
492,881825327,54:4A:16:6F:01:CE,-53,Box4
444,881825445,54:4A:16:6F:04:23,-78,Box4
419,881825768,54:4A:16:6F:01:DA,-51,Box4
492,881825833,54:4A:16:6F:01:CE,-53,Box4
444,881826087,54:4A:16:6F:04:23,-69,Box4
437,881826189,54:4A:16:6F:05:05,-70,Box4
419,881826253,54:4A:16:6F:01:DA,-51,Box4
492,881826332,54:4A:16:6F:01:CE,-51,Box4
444,881826554,54:4A:16:6F:04:23,-69,Box4
437,881826744,54:4A:16:6F:05:05,-64,Box4
444,881826875,54:4A:16:6F:04:23,-79,Box4
437,881827108,54:4A:16:6F:05:05,-67,Box4
419,881827176,54:4A:16:6F:01:DA,-53,Box4
492,881827242,54:4A:16:6F:01:CE,-62,Box4
444,881827307,54:4A:16:6F:04:23,-78,Box4
437,881827536,54:4A:16:6F:05:05,-73,Box4
419,881827588,54:4A:16:6F:01:DA,-53,Box4
492,881827638,54:4A:16:6F:01:CE,-52,Box4
444,881827714,54:4A:16:6F:04:23,-69,Box4
437,881827911,54:4A:16:6F:05:05,-72,Box4
444,881828542,54:4A:16:6F:04:23,-78,Box4
419,881828803,54:4A:16:6F:01:DA,-51,Box4
437,881830601,54:4A:16:6F:05:05,-69,Box4
444,881833696,54:4A:16:6F:04:23,-68,Box4
419,881835103,54:4A:16:6F:01:DA,-51,Box4
492,881836226,54:4A:16:6F:01:CE,-64,Box4
444,881837311,54:4A:16:6F:04:23,-72,Box4
437,881838484,54:4A:16:6F:05:05,-73,Box4
419,881838601,54:4A:16:6F:01:DA,-53,Box4
492,881838638,54:4A:16:6F:01:CE,-51,Box4
444,881838700,54:4A:16:6F:04:23,-71,Box4
419,881838881,54:4A:16:6F:01:DA,-52,Box4
444,881839116,54:4A:16:6F:04:23,-72,Box4
492,881839832,54:4A:16:6F:01:CE,-52,Box4
437,881840823,54:4A:16:6F:05:05,-70,Box4
419,881840962,54:4A:16:6F:01:DA,-49,Box4
492,881841186,54:4A:16:6F:01:CE,-64,Box4
444,881841570,54:4A:16:6F:04:23,-87,Box4
437,881842257,54:4A:16:6F:05:05,-70,Box4
492,881842379,54:4A:16:6F:01:CE,-64,Box4
444,881842492,54:4A:16:6F:04:23,-88,Box4
437,881842840,54:4A:16:6F:05:05,-69,Box4
419,881842895,54:4A:16:6F:01:DA,-49,Box4
492,881842956,54:4A:16:6F:01:CE,-54,Box4
444,881843163,54:4A:16:6F:04:23,-72,Box4
437,881843375,54:4A:16:6F:05:05,-69,Box4
419,881843450,54:4A:16:6F:01:DA,-46,Box4
492,881843578,54:4A:16:6F:01:CE,-52,Box4
437,881852639,54:4A:16:6F:05:05,-74,Box4
419,881852710,54:4A:16:6F:01:DA,-54,Box4
492,881852730,54:4A:16:6F:01:CE,-52,Box4
444,881852769,54:4A:16:6F:04:23,-73,Box4
437,881852860,54:4A:16:6F:05:05,-74,Box4
419,881852881,54:4A:16:6F:01:DA,-53,Box4
444,881852945,54:4A:16:6F:04:23,-74,Box4
437,881852992,54:4A:16:6F:05:05,-70,Box4
419,881853023,54:4A:16:6F:01:DA,-49,Box4
492,881853042,54:4A:16:6F:01:CE,-63,Box4
444,881853122,54:4A:16:6F:04:23,-92,Box4
437,881853375,54:4A:16:6F:05:05,-70,Box4
419,881853468,54:4A:16:6F:01:DA,-46,Box4
444,881853595,54:4A:16:6F:04:23,-92,Box4
492,881854407,54:4A:16:6F:01:CE,-52,Box4
444,881855322,54:4A:16:6F:04:23,-72,Box4
437,881855685,54:4A:16:6F:05:05,-73,Box4
419,881855742,54:4A:16:6F:01:DA,-49,Box4
492,881855800,54:4A:16:6F:01:CE,-63,Box4
437,881856207,54:4A:16:6F:05:05,-69,Box4
419,881856264,54:4A:16:6F:01:DA,-46,Box4
492,881856321,54:4A:16:6F:01:CE,-53,Box4
444,881856494,54:4A:16:6F:04:23,-74,Box4
437,881856605,54:4A:16:6F:05:05,-69,Box4
492,881856706,54:4A:16:6F:01:CE,-51,Box4
444,881856831,54:4A:16:6F:04:23,-92,Box4
437,881857142,54:4A:16:6F:05:05,-73,Box4
419,881857264,54:4A:16:6F:01:DA,-49,Box4
492,881857399,54:4A:16:6F:01:CE,-63,Box4
437,881857657,54:4A:16:6F:05:05,-70,Box4
419,881857857,54:4A:16:6F:01:DA,-49,Box4
492,881857927,54:4A:16:6F:01:CE,-63,Box4
419,881858354,54:4A:16:6F:01:DA,-52,Box4
444,881860002,54:4A:16:6F:04:23,-74,Box4
492,881864218,54:4A:16:6F:01:CE,-51,Box4
437,881865821,54:4A:16:6F:05:05,-75,Box4
419,881865929,54:4A:16:6F:01:DA,-50,Box4
492,881865999,54:4A:16:6F:01:CE,-67,Box4
444,881866366,54:4A:16:6F:04:23,-76,Box4
419,881866801,54:4A:16:6F:01:DA,-49,Box4
492,881866892,54:4A:16:6F:01:CE,-67,Box4
444,881867212,54:4A:16:6F:04:23,-70,Box4
437,881867622,54:4A:16:6F:05:05,-71,Box4
419,881867703,54:4A:16:6F:01:DA,-54,Box4
492,881867787,54:4A:16:6F:01:CE,-54,Box4
444,881868111,54:4A:16:6F:04:23,-88,Box4
419,881868618,54:4A:16:6F:01:DA,-50,Box4
444,881869047,54:4A:16:6F:04:23,-76,Box4
437,881869510,54:4A:16:6F:05:05,-72,Box4
492,881869597,54:4A:16:6F:01:CE,-67,Box4
444,881869941,54:4A:16:6F:04:23,-76,Box4
437,881870326,54:4A:16:6F:05:05,-71,Box4
419,881870445,54:4A:16:6F:01:DA,-46,Box4
492,881870538,54:4A:16:6F:01:CE,-54,Box4
437,881871227,54:4A:16:6F:05:05,-72,Box4
419,881871352,54:4A:16:6F:01:DA,-47,Box4
492,881871449,54:4A:16:6F:01:CE,-53,Box4
444,881871761,54:4A:16:6F:04:23,-76,Box4
492,881872340,54:4A:16:6F:01:CE,-53,Box4
444,881872691,54:4A:16:6F:04:23,-77,Box4
492,881875061,54:4A:16:6F:01:CE,-58,Box4
444,881880124,54:4A:16:6F:04:23,-92,Box4
437,881880213,54:4A:16:6F:05:05,-72,Box4
492,881881384,54:4A:16:6F:01:CE,-53,Box8
444,881881707,54:4A:16:6F:04:23,-70,Box8
419,881883314,54:4A:16:6F:01:DA,-82,Box8
419,881885836,54:4A:16:6F:01:DA,-70,Box8
492,881885915,54:4A:16:6F:01:CE,-77,Box8
444,881886229,54:4A:16:6F:04:23,-50,Box8
437,881886633,54:4A:16:6F:05:05,-60,Box8
419,881886736,54:4A:16:6F:01:DA,-66,Box8
492,881886802,54:4A:16:6F:01:CE,-76,Box8
437,881887545,54:4A:16:6F:05:05,-61,Box8
419,881887646,54:4A:16:6F:01:DA,-67,Box8
444,881888026,54:4A:16:6F:04:23,-49,Box8
437,881888444,54:4A:16:6F:05:05,-61,Box8
419,881888546,54:4A:16:6F:01:DA,-83,Box8
492,881888610,54:4A:16:6F:01:CE,-75,Box8
444,881888947,54:4A:16:6F:04:23,-48,Box8
437,881889344,54:4A:16:6F:05:05,-59,Box8
419,881889448,54:4A:16:6F:01:DA,-75,Box8
492,881889521,54:4A:16:6F:01:CE,-75,Box8
444,881889841,54:4A:16:6F:04:23,-50,Box8
419,881890357,54:4A:16:6F:01:DA,-68,Box8
492,881890435,54:4A:16:6F:01:CE,-75,Box8
437,881891161,54:4A:16:6F:05:05,-61,Box8
419,881891257,54:4A:16:6F:01:DA,-85,Box8
444,881891647,54:4A:16:6F:04:23,-48,Box8
437,881892045,54:4A:16:6F:05:05,-59,Box8
444,881892549,54:4A:16:6F:04:23,-46,Box8
437,881892948,54:4A:16:6F:05:05,-59,Box8
419,881893305,54:4A:16:6F:01:DA,-75,Box8
492,881893337,54:4A:16:6F:01:CE,-75,Box8
437,881893865,54:4A:16:6F:05:05,-59,Box8
419,881893981,54:4A:16:6F:01:DA,-75,Box8
444,881894344,54:4A:16:6F:04:23,-49,Box8
437,881894810,54:4A:16:6F:05:05,-62,Box8
419,881894881,54:4A:16:6F:01:DA,-68,Box8
492,881894976,54:4A:16:6F:01:CE,-76,Box8
444,881895262,54:4A:16:6F:04:23,-48,Box8
437,881895673,54:4A:16:6F:05:05,-61,Box8
419,881895783,54:4A:16:6F:01:DA,-88,Box8
444,881896166,54:4A:16:6F:04:23,-48,Box8
437,881896579,54:4A:16:6F:05:05,-59,Box8
419,881896682,54:4A:16:6F:01:DA,-75,Box8
492,881896782,54:4A:16:6F:01:CE,-75,Box8
444,881897057,54:4A:16:6F:04:23,-46,Box8
437,881897484,54:4A:16:6F:05:05,-59,Box8
419,881897587,54:4A:16:6F:01:DA,-77,Box8
492,881897673,54:4A:16:6F:01:CE,-77,Box8
444,881898021,54:4A:16:6F:04:23,-49,Box8
444,881899818,54:4A:16:6F:04:23,-48,Box8
437,881903431,54:4A:16:6F:05:05,-61,Box8
437,881918520,54:4A:16:6F:05:05,-58,Box8
419,881918970,54:4A:16:6F:01:DA,-74,Box8
492,881919322,54:4A:16:6F:01:CE,-74,Box8
444,881920087,54:4A:16:6F:04:23,-49,Box8
437,881920871,54:4A:16:6F:05:05,-58,Box8
492,881921453,54:4A:16:6F:01:CE,-77,Box8
444,881921721,54:4A:16:6F:04:23,-48,Box8
492,881922656,54:4A:16:6F:01:CE,-77,Box8
444,881922860,54:4A:16:6F:04:23,-46,Box8
437,881923082,54:4A:16:6F:05:05,-58,Box8
419,881923155,54:4A:16:6F:01:DA,-69,Box8
492,881923237,54:4A:16:6F:01:CE,-77,Box8
444,881923441,54:4A:16:6F:04:23,-46,Box8
437,881923722,54:4A:16:6F:05:05,-58,Box8
492,881924376,54:4A:16:6F:01:CE,-78,Box8
444,881924465,54:4A:16:6F:04:23,-49,Box8
492,881925054,54:4A:16:6F:01:CE,-76,Box8
444,881925143,54:4A:16:6F:04:23,-46,Box8
437,881925319,54:4A:16:6F:05:05,-58,Box8
419,881925380,54:4A:16:6F:01:DA,-89,Box8
492,881925597,54:4A:16:6F:01:CE,-76,Box8
444,881925656,54:4A:16:6F:04:23,-46,Box8
437,881925751,54:4A:16:6F:05:05,-58,Box8
419,881925811,54:4A:16:6F:01:DA,-74,Box8
437,881926197,54:4A:16:6F:05:05,-59,Box8
444,881926968,54:4A:16:6F:04:23,-50,Box8
437,881928286,54:4A:16:6F:05:05,-61,Box8
444,881931542,54:4A:16:6F:04:23,-49,Box8
437,881932038,54:4A:16:6F:05:05,-62,Box8
419,881932146,54:4A:16:6F:01:DA,-75,Box8
492,881932229,54:4A:16:6F:01:CE,-73,Box8
444,881932370,54:4A:16:6F:04:23,-50,Box8
419,881932833,54:4A:16:6F:01:DA,-75,Box8
444,881933265,54:4A:16:6F:04:23,-49,Box8
492,881933480,54:4A:16:6F:01:CE,-77,Box8
437,881933805,54:4A:16:6F:05:05,-59,Box8
419,881933887,54:4A:16:6F:01:DA,-77,Box8
437,881934614,54:4A:16:6F:05:05,-59,Box8
444,881935073,54:4A:16:6F:04:23,-50,Box8
444,881940621,54:4A:16:6F:04:23,-50,Box8
492,881940665,54:4A:16:6F:01:CE,-72,Box8
437,881940737,54:4A:16:6F:05:05,-60,Box8
444,881940759,54:4A:16:6F:04:23,-46,Box8
437,881940875,54:4A:16:6F:05:05,-59,Box8
419,881940896,54:4A:16:6F:01:DA,-75,Box8
444,881940940,54:4A:16:6F:04:23,-49,Box8
437,881941028,54:4A:16:6F:05:05,-58,Box8
492,881941050,54:4A:16:6F:01:CE,-84,Box8
437,881941104,54:4A:16:6F:05:05,-59,Box8
419,881941125,54:4A:16:6F:01:DA,-67,Box8
444,881941194,54:4A:16:6F:04:23,-50,Box8
492,881941239,54:4A:16:6F:01:CE,-85,Box8
437,881941272,54:4A:16:6F:05:05,-62,Box8
444,881941338,54:4A:16:6F:04:23,-49,Box8
437,881941424,54:4A:16:6F:05:05,-61,Box8
419,881941460,54:4A:16:6F:01:DA,-74,Box8
492,881941524,54:4A:16:6F:01:CE,-89,Box8
444,881941574,54:4A:16:6F:04:23,-48,Box8
437,881941845,54:4A:16:6F:05:05,-57,Box8
419,881941889,54:4A:16:6F:01:DA,-67,Box8
444,881942338,54:4A:16:6F:04:23,-48,Box8
492,881942475,54:4A:16:6F:01:CE,-78,Box8
492,881946231,54:4A:16:6F:01:CE,-75,Box8
437,881948205,54:4A:16:6F:05:05,-58,Box8
419,881952836,54:4A:16:6F:01:DA,-75,Box8
437,881954515,54:4A:16:6F:05:05,-58,Box8
492,881956053,54:4A:16:6F:01:CE,-89,Box8
437,881956318,54:4A:16:6F:05:05,-57,Box8
444,881956809,54:4A:16:6F:04:23,-47,Box8
492,881956962,54:4A:16:6F:01:CE,-78,Box8
437,881957223,54:4A:16:6F:05:05,-58,Box8
419,881957285,54:4A:16:6F:01:DA,-76,Box8
444,881957713,54:4A:16:6F:04:23,-48,Box4
492,881957875,54:4A:16:6F:01:CE,-76,Box4
437,881958132,54:4A:16:6F:05:05,-62,Box4
419,881958195,54:4A:16:6F:01:DA,-70,Box4
444,881958620,54:4A:16:6F:04:23,-55,Box4
492,881958775,54:4A:16:6F:01:CE,-73,Box4
419,881959094,54:4A:16:6F:01:DA,-69,Box4
444,881959536,54:4A:16:6F:04:23,-63,Box4
492,881959682,54:4A:16:6F:01:CE,-75,Box4
437,881959964,54:4A:16:6F:05:05,-74,Box4
419,881960034,54:4A:16:6F:01:DA,-73,Box4
419,881960911,54:4A:16:6F:01:DA,-75,Box4
492,881961486,54:4A:16:6F:01:CE,-73,Box4
437,881961755,54:4A:16:6F:05:05,-76,Box4
419,881961844,54:4A:16:6F:01:DA,-74,Box4
444,881964089,54:4A:16:6F:04:23,-49,Box4
419,881971959,54:4A:16:6F:01:DA,-79,Box4
444,881974897,54:4A:16:6F:04:23,-52,Box4
419,881975399,54:4A:16:6F:01:DA,-68,Box4
492,881975980,54:4A:16:6F:01:CE,-70,Box4
437,881976220,54:4A:16:6F:05:05,-76,Box4
444,881976732,54:4A:16:6F:04:23,-49,Box4
437,881977118,54:4A:16:6F:05:05,-74,Box4
419,881977181,54:4A:16:6F:01:DA,-74,Box4
492,881977787,54:4A:16:6F:01:CE,-75,Box4
437,881978025,54:4A:16:6F:05:05,-73,Box4
419,881978085,54:4A:16:6F:01:DA,-69,Box4
444,881978540,54:4A:16:6F:04:23,-53,Box4
437,881978950,54:4A:16:6F:05:05,-75,Box4
437,881979855,54:4A:16:6F:05:05,-76,Box4
444,881980361,54:4A:16:6F:04:23,-49,Box4
492,881980507,54:4A:16:6F:01:CE,-80,Box4
437,881980789,54:4A:16:6F:05:05,-74,Box4
419,881981734,54:4A:16:6F:01:DA,-75,Box4
444,881984894,54:4A:16:6F:04:23,-52,Box4
419,881988387,54:4A:16:6F:01:DA,-76,Box4
492,881990541,54:4A:16:6F:01:CE,-66,Box4
492,881994546,54:4A:16:6F:01:CE,-66,Box4
437,881994868,54:4A:16:6F:05:05,-74,Box4
419,881994911,54:4A:16:6F:01:DA,-78,Box4
444,882010339,54:4A:16:6F:04:23,-52,Box4
492,882010654,54:4A:16:6F:01:CE,-67,Box4
444,882010926,54:4A:16:6F:04:23,-48,Box4
492,882011068,54:4A:16:6F:01:CE,-69,Box4
444,882011979,54:4A:16:6F:04:23,-48,Box4
492,882012264,54:4A:16:6F:01:CE,-73,Box4
437,882012470,54:4A:16:6F:05:05,-75,Box4
419,882012642,54:4A:16:6F:01:DA,-90,Box4
444,882012893,54:4A:16:6F:04:23,-52,Box4
492,882013269,54:4A:16:6F:01:CE,-75,Box4
437,882013982,54:4A:16:6F:05:05,-73,Box4
419,882014047,54:4A:16:6F:01:DA,-78,Box4
444,882014520,54:4A:16:6F:04:23,-52,Box4
492,882014675,54:4A:16:6F:01:CE,-68,Box4
437,882014880,54:4A:16:6F:05:05,-74,Box4
419,882014974,54:4A:16:6F:01:DA,-69,Box4
444,882015359,54:4A:16:6F:04:23,-52,Box4
492,882015424,54:4A:16:6F:01:CE,-70,Box4
437,882015585,54:4A:16:6F:05:05,-73,Box4
492,882016156,54:4A:16:6F:01:CE,-70,Box4
444,882018467,54:4A:16:6F:04:23,-52,Box4
492,882019031,54:4A:16:6F:01:CE,-83,Box4
437,882019720,54:4A:16:6F:05:05,-74,Box4
419,882019780,54:4A:16:6F:01:DA,-77,Box4
444,882021172,54:4A:16:6F:04:23,-49,Box4
492,882021769,54:4A:16:6F:01:CE,-80,Box4
444,882022772,54:4A:16:6F:04:23,-52,Box4
492,882022840,54:4A:16:6F:01:CE,-67,Box4
492,882023847,54:4A:16:6F:01:CE,-70,Box4
444,882025170,54:4A:16:6F:04:23,-52,Box4
492,882025365,54:4A:16:6F:01:CE,-83,Box4
444,882025962,54:4A:16:6F:04:23,-52,Box4
492,882026061,54:4A:16:6F:01:CE,-86,Box4
437,882026272,54:4A:16:6F:05:05,-75,Box4
444,882026439,54:4A:16:6F:04:23,-52,Box4
492,882026901,54:4A:16:6F:01:CE,-70,Box4
444,882038913,54:4A:16:6F:04:23,-52,Box4
492,882038953,54:4A:16:6F:01:CE,-69,Box4
437,882038997,54:4A:16:6F:05:05,-70,Box4
419,882039026,54:4A:16:6F:01:DA,-78,Box4
444,882039127,54:4A:16:6F:04:23,-49,Box4
492,882039171,54:4A:16:6F:01:CE,-74,Box4
437,882039282,54:4A:16:6F:05:05,-71,Box4
444,882039343,54:4A:16:6F:04:23,-52,Box4
492,882039444,54:4A:16:6F:01:CE,-75,Box4
444,882039543,54:4A:16:6F:04:23,-52,Box4
492,882039576,54:4A:16:6F:01:CE,-75,Box4
437,882039664,54:4A:16:6F:05:05,-71,Box4
437,882039797,54:4A:16:6F:05:05,-75,Box4
419,882039832,54:4A:16:6F:01:DA,-71,Box4
444,882039922,54:4A:16:6F:04:23,-52,Box4
492,882039991,54:4A:16:6F:01:CE,-69,Box4
419,882040056,54:4A:16:6F:01:DA,-79,Box4
444,882040093,54:4A:16:6F:04:23,-49,Box4
492,882040141,54:4A:16:6F:01:CE,-68,Box4
437,882040179,54:4A:16:6F:05:05,-70,Box4
419,882040249,54:4A:16:6F:01:DA,-74,Box4
444,882040305,54:4A:16:6F:04:23,-52,Box4
492,882040346,54:4A:16:6F:01:CE,-68,Box4
437,882040467,54:4A:16:6F:05:05,-71,Box4
444,882040494,54:4A:16:6F:04:23,-52,Box4
492,882040543,54:4A:16:6F:01:CE,-75,Box4
444,882040928,54:4A:16:6F:04:23,-51,Box4
492,882041038,54:4A:16:6F:01:CE,-68,Box4
437,882041104,54:4A:16:6F:05:05,-74,Box4
419,882041138,54:4A:16:6F:01:DA,-76,Box4
444,882041199,54:4A:16:6F:04:23,-52,Box4
492,882041250,54:4A:16:6F:01:CE,-68,Box4
437,882041305,54:4A:16:6F:05:05,-71,Box4
419,882041340,54:4A:16:6F:01:DA,-70,Box4
444,882041403,54:4A:16:6F:04:23,-52,Box4
492,882041403,54:4A:16:6F:01:CE,-74,Box4
437,882041465,54:4A:16:6F:05:05,-72,Box4
444,882041519,54:4A:16:6F:04:23,-48,Box4
492,882041575,54:4A:16:6F:01:CE,-77,Box4
437,882041608,54:4A:16:6F:05:05,-74,Box4
419,882041648,54:4A:16:6F:01:DA,-88,Box4
444,882041725,54:4A:16:6F:04:23,-51,Box4
492,882041761,54:4A:16:6F:01:CE,-69,Box4
437,882041828,54:4A:16:6F:05:05,-75,Box4
419,882041903,54:4A:16:6F:01:DA,-74,Box4
444,882041957,54:4A:16:6F:04:23,-52,Box4
444,882042049,54:4A:16:6F:04:23,-46,Box4
492,882042131,54:4A:16:6F:01:CE,-74,Box4
444,882047301,54:4A:16:6F:04:23,-49,Box4
419,882050493,54:4A:16:6F:01:DA,-72,Box6
444,882051808,54:4A:16:6F:04:23,-78,Box6
437,882054076,54:4A:16:6F:05:05,-62,Box6
444,882055461,54:4A:16:6F:04:23,-62,Box6
419,882062395,54:4A:16:6F:01:DA,-41,Box6
444,882062477,54:4A:16:6F:04:23,-66,Box6
437,882064906,54:4A:16:6F:05:05,-64,Box6
419,882065015,54:4A:16:6F:01:DA,-45,Box6
444,882065414,54:4A:16:6F:04:23,-62,Box6
492,882065565,54:4A:16:6F:01:CE,-65,Box6
437,882065806,54:4A:16:6F:05:05,-61,Box6
419,882065843,54:4A:16:6F:01:DA,-41,Box6
492,882071939,54:4A:16:6F:01:CE,-58,Box6
419,882074020,54:4A:16:6F:01:DA,-42,Box6
437,882075818,54:4A:16:6F:05:05,-67,Box6
444,882077214,54:4A:16:6F:04:23,-69,Box6
444,882078971,54:4A:16:6F:04:23,-65,Box6
492,882079139,54:4A:16:6F:01:CE,-60,Box6
419,882079431,54:4A:16:6F:01:DA,-45,Box6
444,882079879,54:4A:16:6F:04:23,-64,Box6
437,882080320,54:4A:16:6F:05:05,-61,Box6
492,882082807,54:4A:16:6F:01:CE,-60,Box6
419,882091797,54:4A:16:6F:01:DA,-40,Box6
492,882091937,54:4A:16:6F:01:CE,-62,Box6
419,882092034,54:4A:16:6F:01:DA,-44,Box6
437,882093252,54:4A:16:6F:05:05,-61,Box6
419,882093344,54:4A:16:6F:01:DA,-41,Box6
444,882093439,54:4A:16:6F:04:23,-63,Box6
492,882093614,54:4A:16:6F:01:CE,-60,Box6
437,882093883,54:4A:16:6F:05:05,-61,Box6
419,882093934,54:4A:16:6F:01:DA,-42,Box6
444,882094347,54:4A:16:6F:04:23,-63,Box6
492,882094521,54:4A:16:6F:01:CE,-60,Box6
437,882094787,54:4A:16:6F:05:05,-61,Box6
492,882095437,54:4A:16:6F:01:CE,-62,Box6
437,882095680,54:4A:16:6F:05:05,-68,Box6
419,882095725,54:4A:16:6F:01:DA,-40,Box6
444,882096153,54:4A:16:6F:04:23,-68,Box6
492,882096331,54:4A:16:6F:01:CE,-62,Box6
437,882096582,54:4A:16:6F:05:05,-61,Box6
419,882096620,54:4A:16:6F:01:DA,-41,Box6
444,882097967,54:4A:16:6F:04:23,-64,Box6
444,882104488,54:4A:16:6F:04:23,-65,Box6
419,882105710,54:4A:16:6F:01:DA,-42,Box6
437,882107463,54:4A:16:6F:05:05,-61,Box6
492,882109924,54:4A:16:6F:01:CE,-59,Box6
437,882110166,54:4A:16:6F:05:05,-67,Box6
444,882110649,54:4A:16:6F:04:23,-70,Box6
437,882112029,54:4A:16:6F:05:05,-61,Box6
492,882114457,54:4A:16:6F:01:CE,-61,Box6
419,882124462,54:4A:16:6F:01:DA,-40,Box6
437,882124564,54:4A:16:6F:05:05,-61,Box6
492,882124639,54:4A:16:6F:01:CE,-59,Box6
419,882124690,54:4A:16:6F:01:DA,-41,Box6
419,882125333,54:4A:16:6F:01:DA,-41,Box6
492,882125434,54:4A:16:6F:01:CE,-59,Box6
444,882125525,54:4A:16:6F:04:23,-65,Box6
419,882126524,54:4A:16:6F:01:DA,-42,Box6
437,882128333,54:4A:16:6F:05:05,-68,Box6
419,882132824,54:4A:16:6F:01:DA,-41,Box6
492,882137072,54:4A:16:6F:01:CE,-60,Box6
437,882137330,54:4A:16:6F:05:05,-61,Box6
419,882137375,54:4A:16:6F:01:DA,-40,Box6
444,882137776,54:4A:16:6F:04:23,-66,Box6
492,882137949,54:4A:16:6F:01:CE,-60,Box6
437,882140943,54:4A:16:6F:05:05,-61,Box6
492,882143400,54:4A:16:6F:01:CE,-62,Box6
419,882143886,54:4A:16:6F:01:DA,-42,Box6
444,882144652,54:4A:16:6F:04:23,-69,Box6
437,882147299,54:4A:16:6F:05:05,-62,Box6
492,882149751,54:4A:16:6F:01:CE,-59,Box6
419,882151921,54:4A:16:6F:01:DA,-44,Box6
444,882159464,54:4A:16:6F:04:23,-69,Box6
492,882159513,54:4A:16:6F:01:CE,-59,Box6
437,882159615,54:4A:16:6F:05:05,-62,Box6
419,882159653,54:4A:16:6F:01:DA,-41,Box6
444,882159709,54:4A:16:6F:04:23,-66,Box6
492,882159770,54:4A:16:6F:01:CE,-60,Box6
437,882159820,54:4A:16:6F:05:05,-62,Box6
444,882159996,54:4A:16:6F:04:23,-66,Box6
492,882160098,54:4A:16:6F:01:CE,-60,Box6
437,882160189,54:4A:16:6F:05:05,-62,Box6
419,882160287,54:4A:16:6F:01:DA,-44,Box6
437,882160863,54:4A:16:6F:05:05,-63,Box6
492,882163323,54:4A:16:6F:01:CE,-55,Box6
444,882164029,54:4A:16:6F:04:23,-65,Box6
